Aggregation analysis,PioViewer 3.2.9, EV in chips
File, D:\Database\SimpleTree\SRP\b25\SBvBB\Th9d8c.cfr
Action Line,Root CHECK BET 15 RAISE 60 RAISE 970
Flop,Global %,OOP Equity,OOP EV,OOP EQR,IP Equity,IP EV,IP EQR,CALL freq,FOLD freq
2h 2d 2c,0,1.33,-295.201,-12364,98.67,1345.39,125.089,33.86,66.14
3c 2d 2c,0,nan,nan,nan,nan,nan,nan,nan,nan
3d 3c 2c,0,nan,nan,nan,nan,nan,nan,nan,nan
3h 3d 3c,0,0.02,-292.137,-825698,99.98,1343.91,123.318,32.13,67.87
3h 3d 2c,0,nan,nan,nan,nan,nan,nan,nan,nan
3h 2d 2c,0,nan,nan,nan,nan,nan,nan,nan,nan
4c 2d 2c,0,nan,nan,nan,nan,nan,nan,nan,nan
4c 3c 2c,0,nan,nan,nan,nan,nan,nan,nan,nan
4c 3c 2d,0,nan,nan,nan,nan,nan,nan,nan,nan
4c 3d 3c,0,nan,nan,nan,nan,nan,nan,nan,nan
4c 3d 2c,0,nan,nan,nan,nan,nan,nan,nan,nan
4d 4c 2c,0,nan,nan,nan,nan,nan,nan,nan,nan
4d 4c 3c,0,nan,nan,nan,nan,nan,nan,nan,nan
4h 4d 4c,0,nan,nan,nan,nan,nan,nan,nan,nan
4d 3c 2c,0.00002,14.31,-99.6983,-387.026,85.69,1156.88,123.861,26.18,73.82
4h 4d 2c,0,nan,nan,nan,nan,nan,nan,nan,nan
4h 4d 3c,0.00002,8.70,-120.322,-768.321,91.30,1180.75,118.65,22.60,77.40
4h 2d 2c,0.00001,10.85,-100.096,-512.379,89.15,1158.25,119.198,25.11,74.89
4h 3d 3c,0,nan,nan,nan,nan,nan,nan,nan,nan
4h 3d 2c,0.00001,7.82,-167.401,-1188.87,92.18,1225.3,121.951,25.38,74.62
5c 2d 2c,0,nan,nan,nan,nan,nan,nan,nan,nan
5c 3c 2c,0,nan,nan,nan,nan,nan,nan,nan,nan
5c 3c 2d,0.00001,12.69,-131.322,-574.818,87.31,1187.46,124.778,27.32,72.68
5c 3d 3c,0,nan,nan,nan,nan,nan,nan,nan,nan
5c 3d 2c,0,29.84,-7.29908,-13.5904,70.16,1064.2,139.151,26.49,73.51
5c 4c 2c,0,nan,nan,nan,nan,nan,nan,nan,nan
5c 4c 2d,0,nan,nan,nan,nan,nan,nan,nan,nan
5c 4c 3c,0.00002,8.26,-131.58,-885.483,91.75,1187.03,118.699,28.08,71.92
5c 4c 3d,0,nan,nan,nan,nan,nan,nan,nan,nan
5c 4d 4c,0,nan,nan,nan,nan,nan,nan,nan,nan
5c 4d 2c,0,nan,nan,nan,nan,nan,nan,nan,nan
5c 4d 3c,0,nan,nan,nan,nan,nan,nan,nan,nan
5d 5c 2c,0,nan,nan,nan,nan,nan,nan,nan,nan
5d 5c 3c,0,nan,nan,nan,nan,nan,nan,nan,nan
5d 5c 4c,0,nan,nan,nan,nan,nan,nan,nan,nan
5h 5d 5c,0,nan,nan,nan,nan,nan,nan,nan,nan
5d 3c 2c,0.00002,13.28,-124.059,-519.013,86.72,1181.03,124.944,26.40,73.60
5d 4c 2c,0,nan,nan,nan,nan,nan,nan,nan,nan
5d 4c 3c,0,nan,nan,nan,nan,nan,nan,nan,nan
5h 5d 2c,0,nan,nan,nan,nan,nan,nan,nan,nan
5h 5d 3c,0.00001,9.63,-95.8111,-552.872,90.37,1158.17,117.571,20.48,79.52
5h 5d 4c,0,nan,nan,nan,nan,nan,nan,nan,nan
5h 2d 2c,0,nan,nan,nan,nan,nan,nan,nan,nan
5h 3d 3c,0.00003,9.96,-113.431,-632.95,90.04,1174.41,119.658,22.00,78.00
5h 3d 2c,0.00002,7.75,-190.435,-1364.25,92.25,1246.4,123.961,27.52,72.48
5h 4d 4c,0,nan,nan,nan,nan,nan,nan,nan,nan
5h 4d 2c,0,nan,nan,nan,nan,nan,nan,nan,nan
5h 4d 3c,0,nan,nan,nan,nan,nan,nan,nan,nan
6c 2d 2c,0,nan,nan,nan,nan,nan,nan,nan,nan
6c 3c 2c,0,nan,nan,nan,nan,nan,nan,nan,nan
6c 3c 2d,0,nan,nan,nan,nan,nan,nan,nan,nan
6c 3d 3c,0,nan,nan,nan,nan,nan,nan,nan,nan
6c 3d 2c,0.00015,31.57,9.73484,17.1316,68.43,1046.05,140.24,27.71,72.29
6c 4c 2c,0,nan,nan,nan,nan,nan,nan,nan,nan
6c 4c 2d,0,nan,nan,nan,nan,nan,nan,nan,nan
6c 4c 3c,0.00002,14.42,-49.8352,-191.981,85.58,1104.67,118.427,28.75,71.25
6c 4c 3d,0.00002,29.93,-10.3969,-19.2969,70.07,1066.94,139.698,26.88,73.12
6c 4d 4c,0,nan,nan,nan,nan,nan,nan,nan,nan
6c 4d 2c,0,nan,nan,nan,nan,nan,nan,nan,nan
6c 4d 3c,0,nan,nan,nan,nan,nan,nan,nan,nan
6c 5c 2c,0,0.03,-267.69,-489262,99.97,1321.88,121.311,29.46,70.54
6c 5c 2d,0.00002,14.78,-148.245,-557.097,85.22,1202.72,129.485,29.15,70.85
6c 5c 3c,0,nan,nan,nan,nan,nan,nan,nan,nan
6c 5c 3d,0,nan,nan,nan,nan,nan,nan,nan,nan
6c 5c 4c,0,nan,nan,nan,nan,nan,nan,nan,nan
6c 5c 4d,0.00002,15.54,-93.7311,-335.097,84.46,1147.67,124.662,29.74,70.26
6c 5d 5c,0,nan,nan,nan,nan,nan,nan,nan,nan
6c 5d 2c,0.00001,15.29,-146.929,-533.72,84.70,1201.16,130.098,29.42,70.58
6c 5d 3c,0,nan,nan,nan,nan,nan,nan,nan,nan
6c 5d 4c,0,nan,nan,nan,nan,nan,nan,nan,nan
6d 6c 2c,0,nan,nan,nan,nan,nan,nan,nan,nan
6d 6c 3c,0,nan,nan,nan,nan,nan,nan,nan,nan
6d 6c 4c,0,nan,nan,nan,nan,nan,nan,nan,nan
6d 6c 5c,0,nan,nan,nan,nan,nan,nan,nan,nan
6h 6d 6c,0,0.03,-257.742,-420432,99.97,1312.95,120.496,28.34,71.66
6d 3c 2c,0,nan,nan,nan,nan,nan,nan,nan,nan
6d 4c 2c,0,nan,nan,nan,nan,nan,nan,nan,nan
6d 4c 3c,0,nan,nan,nan,nan,nan,nan,nan,nan
6d 5c 2c,0,nan,nan,nan,nan,nan,nan,nan,nan
6d 5c 3c,0,nan,nan,nan,nan,nan,nan,nan,nan
6d 5c 4c,0,15.85,-90.8245,-318.361,84.15,1145.1,124.842,29.37,70.63
6h 6d 2c,0,nan,nan,nan,nan,nan,nan,nan,nan
6h 6d 3c,0,nan,nan,nan,nan,nan,nan,nan,nan
6h 6d 4c,0.00001,10.35,-96.861,-520.065,89.65,1159.47,118.65,20.21,79.79
6h 6d 5c,0,nan,nan,nan,nan,nan,nan,nan,nan
6h 2d 2c,0,nan,nan,nan,nan,nan,nan,nan,nan
6h 3d 3c,0.00001,9.02,-126.408,-778.963,90.99,1187.05,119.694,22.37,77.63
6h 3d 2c,0,nan,nan,nan,nan,nan,nan,nan,nan
6h 4d 4c,0,nan,nan,nan,nan,nan,nan,nan,nan
6h 4d 2c,0,nan,nan,nan,nan,nan,nan,nan,nan
6h 4d 3c,0,nan,nan,nan,nan,nan,nan,nan,nan
6h 5d 5c,0.00003,12.02,-73.7395,-340.841,87.98,1138.3,118.697,18.06,81.94
6h 5d 2c,0,nan,nan,nan,nan,nan,nan,nan,nan
6h 5d 3c,0,nan,nan,nan,nan,nan,nan,nan,nan
6h 5d 4c,0,nan,nan,nan,nan,nan,nan,nan,nan
7c 2d 2c,0,nan,nan,nan,nan,nan,nan,nan,nan
7c 3c 2c,0,nan,nan,nan,nan,nan,nan,nan,nan
7c 3c 2d,0,nan,nan,nan,nan,nan,nan,nan,nan
7c 3d 3c,0,nan,nan,nan,nan,nan,nan,nan,nan
7c 3d 2c,0,nan,nan,nan,nan,nan,nan,nan,nan
7c 4c 2c,0,nan,nan,nan,nan,nan,nan,nan,nan
7c 4c 2d,0.00003,14.31,-135.806,-527.233,85.69,1189.84,127.39,29.63,70.37
7c 4c 3c,0,nan,nan,nan,nan,nan,nan,nan,nan
7c 4c 3d,0.00006,33.21,16.5351,27.6598,66.79,1039.21,142.748,27.76,72.24
7c 4d 4c,0,nan,nan,nan,nan,nan,nan,nan,nan
7c 4d 2c,0.00002,13.62,-134.685,-549.224,86.38,1190.39,126.436,27.80,72.20
7c 4d 3c,0.00002,31.99,13.1087,22.7672,68.01,1042.52,140.627,27.88,72.12
7c 5c 2c,0,nan,nan,nan,nan,nan,nan,nan,nan
7c 5c 2d,0,nan,nan,nan,nan,nan,nan,nan,nan
7c 5c 3c,0,nan,nan,nan,nan,nan,nan,nan,nan
7c 5c 3d,0,34.42,14.4112,23.2603,65.58,1041.06,145.639,28.06,71.94
7c 5c 4c,0.00002,0.00,-262.335,-Infinity,100.00,1317.1,120.838,28.83,71.17
7c 5c 4d,0,nan,nan,nan,nan,nan,nan,nan,nan
7c 5d 5c,0,nan,nan,nan,nan,nan,nan,nan,nan
7c 5d 2c,0,nan,nan,nan,nan,nan,nan,nan,nan
7c 5d 3c,0.00001,15.34,-120.249,-435.585,84.66,1174.4,127.259,29.51,70.49
7c 5d 4c,0,nan,nan,nan,nan,nan,nan,nan,nan
7c 6c 2c,0,nan,nan,nan,nan,nan,nan,nan,nan
7c 6c 2d,0,nan,nan,nan,nan,nan,nan,nan,nan
7c 6c 3c,0,nan,nan,nan,nan,nan,nan,nan,nan
7c 6c 3d,0.00001,19.25,-75.3388,-217.467,80.75,1131.37,128.533,27.43,72.57
7c 6c 4c,0.00002,0.00,-262.174,-Infinity,100.00,1316.97,120.822,28.81,71.19
7c 6c 4d,0.00004,21.83,-47.4287,-120.709,78.17,1104.84,129.666,25.92,74.08
7c 6c 5c,0,nan,nan,nan,nan,nan,nan,nan,nan
7c 6c 5d,0.00007,16.94,-85.5068,-280.501,83.07,1139.28,125.828,29.93,70.07
7c 6d 6c,0,nan,nan,nan,nan,nan,nan,nan,nan
7c 6d 2c,0,nan,nan,nan,nan,nan,nan,nan,nan
7c 6d 3c,0,nan,nan,nan,nan,nan,nan,nan,nan
7c 6d 4c,0,nan,nan,nan,nan,nan,nan,nan,nan
7c 6d 5c,0,nan,nan,nan,nan,nan,nan,nan,nan
7d 7c 2c,0,nan,nan,nan,nan,nan,nan,nan,nan
7d 7c 3c,0,nan,nan,nan,nan,nan,nan,nan,nan
7d 7c 4c,0,nan,nan,nan,nan,nan,nan,nan,nan
7d 7c 5c,0,nan,nan,nan,nan,nan,nan,nan,nan
7d 7c 6c,0,nan,nan,nan,nan,nan,nan,nan,nan
7h 7d 7c,0,nan,nan,nan,nan,nan,nan,nan,nan
7d 3c 2c,0,nan,nan,nan,nan,nan,nan,nan,nan
7d 4c 2c,0,14.55,-134.438,-513.482,85.45,1188.79,127.629,29.29,70.71
7d 4c 3c,0.00002,29.53,8.1464,15.3265,70.47,1050.55,136.769,24.51,75.49
7d 5c 2c,0,nan,nan,nan,nan,nan,nan,nan,nan
7d 5c 3c,0.00007,15.53,-118.257,-422.972,84.47,1171.59,127.252,30.40,69.60
7d 5c 4c,0,nan,nan,nan,nan,nan,nan,nan,nan
7d 6c 2c,0,nan,nan,nan,nan,nan,nan,nan,nan
7d 6c 3c,0,nan,nan,nan,nan,nan,nan,nan,nan
7d 6c 4c,0.00001,22.72,-45.9112,-112.28,77.28,1099.84,130.562,29.75,70.25
7d 6c 5c,0.00005,17.65,-62.8513,-197.826,82.35,1119.49,124.719,26.77,73.23
7h 7d 2c,0,nan,nan,nan,nan,nan,nan,nan,nan
7h 7d 3c,0,9.51,-88.9447,-519.468,90.49,1152.14,116.813,19.57,80.43
7h 7d 4c,0,nan,nan,nan,nan,nan,nan,nan,nan
7h 7d 5c,0,nan,nan,nan,nan,nan,nan,nan,nan
7h 7d 6c,0,nan,nan,nan,nan,nan,nan,nan,nan
7h 2d 2c,0,nan,nan,nan,nan,nan,nan,nan,nan
7h 3d 3c,0,nan,nan,nan,nan,nan,nan,nan,nan
7h 3d 2c,0,nan,nan,nan,nan,nan,nan,nan,nan
7h 4d 4c,0,nan,nan,nan,nan,nan,nan,nan,nan
7h 4d 2c,0,nan,nan,nan,nan,nan,nan,nan,nan
7h 4d 3c,0,nan,nan,nan,nan,nan,nan,nan,nan
7h 5d 5c,0.00001,11.81,-77.1315,-362.727,88.19,1142.05,118.811,17.68,82.32
7h 5d 2c,0,nan,nan,nan,nan,nan,nan,nan,nan
7h 5d 3c,0,nan,nan,nan,nan,nan,nan,nan,nan
7h 5d 4c,0,nan,nan,nan,nan,nan,nan,nan,nan
7h 6d 6c,0,14.54,-69.0393,-263.845,85.46,1135.01,121.839,16.52,83.48
7h 6d 2c,0,nan,nan,nan,nan,nan,nan,nan,nan
7h 6d 3c,0,nan,nan,nan,nan,nan,nan,nan,nan
7h 6d 4c,0,nan,nan,nan,nan,nan,nan,nan,nan
7h 6d 5c,0,nan,nan,nan,nan,nan,nan,nan,nan
8c 2d 2c,0,nan,nan,nan,nan,nan,nan,nan,nan
8c 3c 2c,0,nan,nan,nan,nan,nan,nan,nan,nan
8c 3c 2d,0,nan,nan,nan,nan,nan,nan,nan,nan
8c 3d 3c,0.00002,13.33,-100.584,-419.241,86.67,1161.93,122.993,21.60,78.40
8c 3d 2c,0,12.65,-148.733,-652.974,87.35,1204.89,126.554,27.30,72.70
8c 4c 2c,0,nan,nan,nan,nan,nan,nan,nan,nan
8c 4c 2d,0,nan,nan,nan,nan,nan,nan,nan,nan
8c 4c 3c,0,nan,nan,nan,nan,nan,nan,nan,nan
8c 4c 3d,0.00001,23.92,-39.4829,-91.6989,76.08,1095.88,132.15,27.03,72.97
8c 4d 4c,0,nan,nan,nan,nan,nan,nan,nan,nan
8c 4d 2c,0,nan,nan,nan,nan,nan,nan,nan,nan
8c 4d 3c,0,nan,nan,nan,nan,nan,nan,nan,nan
8c 5c 2c,0,nan,nan,nan,nan,nan,nan,nan,nan
8c 5c 2d,0,nan,nan,nan,nan,nan,nan,nan,nan
8c 5c 3c,0,nan,nan,nan,nan,nan,nan,nan,nan
8c 5c 3d,0,nan,nan,nan,nan,nan,nan,nan,nan
8c 5c 4c,0,nan,nan,nan,nan,nan,nan,nan,nan
8c 5c 4d,0,nan,nan,nan,nan,nan,nan,nan,nan
8c 5d 5c,0.00002,15.60,-58.1034,-206.889,84.40,1123.71,122.15,16.92,83.08
8c 5d 2c,0,nan,nan,nan,nan,nan,nan,nan,nan
8c 5d 3c,0,nan,nan,nan,nan,nan,nan,nan,nan
8c 5d 4c,0,nan,nan,nan,nan,nan,nan,nan,nan
8c 6c 2c,0,nan,nan,nan,nan,nan,nan,nan,nan
8c 6c 2d,0,nan,nan,nan,nan,nan,nan,nan,nan
8c 6c 3c,0,nan,nan,nan,nan,nan,nan,nan,nan
8c 6c 3d,0,nan,nan,nan,nan,nan,nan,nan,nan
8c 6c 4c,0,nan,nan,nan,nan,nan,nan,nan,nan
8c 6c 4d,0,nan,nan,nan,nan,nan,nan,nan,nan
8c 6c 5c,0,nan,nan,nan,nan,nan,nan,nan,nan
8c 6c 5d,0,nan,nan,nan,nan,nan,nan,nan,nan
8c 6d 6c,0,nan,nan,nan,nan,nan,nan,nan,nan
8c 6d 2c,0,nan,nan,nan,nan,nan,nan,nan,nan
8c 6d 3c,0,nan,nan,nan,nan,nan,nan,nan,nan
8c 6d 4c,0.00002,16.65,-107.435,-358.399,83.35,1162.25,127.933,28.78,71.22
8c 6d 5c,0,nan,nan,nan,nan,nan,nan,nan,nan
8c 7c 2c,0,nan,nan,nan,nan,nan,nan,nan,nan
8c 7c 2d,0.00002,27.17,-14.8035,-30.2659,72.83,1073.5,135.232,24.51,75.49
8c 7c 3c,0,nan,nan,nan,nan,nan,nan,nan,nan
8c 7c 3d,0,nan,nan,nan,nan,nan,nan,nan,nan
8c 7c 4c,0,nan,nan,nan,nan,nan,nan,nan,nan
8c 7c 4d,0.00002,19.36,-74.1936,-212.946,80.64,1132.12,128.793,25.36,74.64
8c 7c 5c,0.00001,0.00,-262.243,-Infinity,100.00,1317.01,120.826,28.82,71.18
8c 7c 5d,0,nan,nan,nan,nan,nan,nan,nan,nan
8c 7c 6c,0,nan,nan,nan,nan,nan,nan,nan,nan
8c 7c 6d,0,nan,nan,nan,nan,nan,nan,nan,nan
8c 7d 7c,0,nan,nan,nan,nan,nan,nan,nan,nan
8c 7d 2c,0,nan,nan,nan,nan,nan,nan,nan,nan
8c 7d 3c,0,nan,nan,nan,nan,nan,nan,nan,nan
8c 7d 4c,0.00002,19.74,-72.6731,-204.576,80.27,1130.21,129.184,25.78,74.22
8c 7d 5c,0,nan,nan,nan,nan,nan,nan,nan,nan
8c 7d 6c,0,nan,nan,nan,nan,nan,nan,nan,nan
8d 8c 2c,0,nan,nan,nan,nan,nan,nan,nan,nan
8d 8c 3c,0,nan,nan,nan,nan,nan,nan,nan,nan
8d 8c 4c,0,nan,nan,nan,nan,nan,nan,nan,nan
8d 8c 5c,0,nan,nan,nan,nan,nan,nan,nan,nan
8d 8c 6c,0,nan,nan,nan,nan,nan,nan,nan,nan
8d 8c 7c,0,nan,nan,nan,nan,nan,nan,nan,nan
8h 8d 8c,0,nan,nan,nan,nan,nan,nan,nan,nan
8d 3c 2c,0,nan,nan,nan,nan,nan,nan,nan,nan
8d 4c 2c,0.00001,14.05,-145.524,-575.25,85.95,1200.11,128.107,29.04,70.96
8d 4c 3c,0,13.71,-145.639,-590.028,86.29,1200.21,127.609,29.05,70.95
8d 5c 2c,0.00001,24.65,-33.2265,-74.8935,75.35,1089.44,132.639,27.23,72.77
8d 5c 3c,0,nan,nan,nan,nan,nan,nan,nan,nan
8d 5c 4c,0,nan,nan,nan,nan,nan,nan,nan,nan
8d 6c 2c,0.00002,25.42,-19.9244,-43.5502,74.58,1077.92,132.591,25.28,74.72
8d 6c 3c,0,nan,nan,nan,nan,nan,nan,nan,nan
8d 6c 4c,0,nan,nan,nan,nan,nan,nan,nan,nan
8d 6c 5c,0,nan,nan,nan,nan,nan,nan,nan,nan
8d 7c 2c,0,nan,nan,nan,nan,nan,nan,nan,nan
8d 7c 3c,0,nan,nan,nan,nan,nan,nan,nan,nan
8d 7c 4c,0,nan,nan,nan,nan,nan,nan,nan,nan
8d 7c 5c,0,nan,nan,nan,nan,nan,nan,nan,nan
8d 7c 6c,0,nan,nan,nan,nan,nan,nan,nan,nan
8h 8d 2c,0,nan,nan,nan,nan,nan,nan,nan,nan
8h 8d 3c,0,nan,nan,nan,nan,nan,nan,nan,nan
8h 8d 4c,0,nan,nan,nan,nan,nan,nan,nan,nan
8h 8d 5c,0,nan,nan,nan,nan,nan,nan,nan,nan
8h 8d 6c,0,nan,nan,nan,nan,nan,nan,nan,nan
8h 8d 7c,0,nan,nan,nan,nan,nan,nan,nan,nan
8h 2d 2c,0,nan,nan,nan,nan,nan,nan,nan,nan
8h 3d 3c,0.00002,9.18,-120.538,-729.694,90.82,1179.04,119.1,24.72,75.28
8h 3d 2c,0,nan,nan,nan,nan,nan,nan,nan,nan
8h 4d 4c,0,nan,nan,nan,nan,nan,nan,nan,nan
8h 4d 2c,0,nan,nan,nan,nan,nan,nan,nan,nan
8h 4d 3c,0,nan,nan,nan,nan,nan,nan,nan,nan
8h 5d 5c,0.00002,10.57,-89.5379,-470.652,89.43,1154,118.385,18.17,81.83
8h 5d 2c,0,nan,nan,nan,nan,nan,nan,nan,nan
8h 5d 3c,0,nan,nan,nan,nan,nan,nan,nan,nan
8h 5d 4c,0,nan,nan,nan,nan,nan,nan,nan,nan
8h 6d 6c,0,nan,nan,nan,nan,nan,nan,nan,nan
8h 6d 2c,0,nan,nan,nan,nan,nan,nan,nan,nan
8h 6d 3c,0,nan,nan,nan,nan,nan,nan,nan,nan
8h 6d 4c,0,nan,nan,nan,nan,nan,nan,nan,nan
8h 6d 5c,0,nan,nan,nan,nan,nan,nan,nan,nan
8h 7d 7c,0,nan,nan,nan,nan,nan,nan,nan,nan
8h 7d 2c,0,nan,nan,nan,nan,nan,nan,nan,nan
8h 7d 3c,0,nan,nan,nan,nan,nan,nan,nan,nan
8h 7d 4c,0,nan,nan,nan,nan,nan,nan,nan,nan
8h 7d 5c,0,nan,nan,nan,nan,nan,nan,nan,nan
8h 7d 6c,0,20.80,-37.1043,-99.0913,79.20,1092.47,126.553,28.16,71.84
9c 2d 2c,0,nan,nan,nan,nan,nan,nan,nan,nan
9c 3c 2c,0,nan,nan,nan,nan,nan,nan,nan,nan
9c 3c 2d,0.00001,22.87,-52.5086,-127.573,77.13,1108.98,131.903,26.96,73.04
9c 3d 3c,0,nan,nan,nan,nan,nan,nan,nan,nan
9c 3d 2c,0,nan,nan,nan,nan,nan,nan,nan,nan
9c 4c 2c,0,nan,nan,nan,nan,nan,nan,nan,nan
9c 4c 2d,0,22.46,-53.5292,-132.428,77.54,1110.91,131.433,25.96,74.04
9c 4c 3c,0,nan,nan,nan,nan,nan,nan,nan,nan
9c 4c 3d,0.00001,23.51,-44.2842,-104.655,76.49,1101.58,132.121,26.05,73.95
9c 4d 4c,0,nan,nan,nan,nan,nan,nan,nan,nan
9c 4d 2c,0.00004,21.79,-58.8178,-149.937,78.21,1115.51,130.86,26.71,73.29
9c 4d 3c,0,nan,nan,nan,nan,nan,nan,nan,nan
9c 5c 2c,0,nan,nan,nan,nan,nan,nan,nan,nan
9c 5c 2d,0,nan,nan,nan,nan,nan,nan,nan,nan
9c 5c 3c,0,nan,nan,nan,nan,nan,nan,nan,nan
9c 5c 3d,0.00004,26.05,-22.6282,-48.2627,73.95,1079.57,133.928,26.44,73.56
9c 5c 4c,0,nan,nan,nan,nan,nan,nan,nan,nan
9c 5c 4d,0,nan,nan,nan,nan,nan,nan,nan,nan
9c 5d 5c,0,15.20,-66.3524,-242.559,84.80,1132,122.468,16.87,83.13
9c 5d 2c,0.00001,23.06,-46.3645,-111.724,76.94,1103.47,131.571,26.26,73.74
9c 5d 3c,0,nan,nan,nan,nan,nan,nan,nan,nan
9c 5d 4c,0,nan,nan,nan,nan,nan,nan,nan,nan
9c 6c 2c,0,nan,nan,nan,nan,nan,nan,nan,nan
9c 6c 2d,0,nan,nan,nan,nan,nan,nan,nan,nan
9c 6c 3c,0,nan,nan,nan,nan,nan,nan,nan,nan
9c 6c 3d,0,nan,nan,nan,nan,nan,nan,nan,nan
9c 6c 4c,0,nan,nan,nan,nan,nan,nan,nan,nan
9c 6c 4d,0.00004,26.01,-24.4694,-52.2702,73.99,1082.32,134.196,25.44,74.56
9c 6c 5c,0,nan,nan,nan,nan,nan,nan,nan,nan
9c 6c 5d,0,nan,nan,nan,nan,nan,nan,nan,nan
9c 6d 6c,0,nan,nan,nan,nan,nan,nan,nan,nan
9c 6d 2c,0,nan,nan,nan,nan,nan,nan,nan,nan
9c 6d 3c,0,nan,nan,nan,nan,nan,nan,nan,nan
9c 6d 4c,0,nan,nan,nan,nan,nan,nan,nan,nan
9c 6d 5c,0.00001,15.25,-107.667,-392.232,84.75,1163.12,125.909,28.07,71.93
9c 7c 2c,0,nan,nan,nan,nan,nan,nan,nan,nan
9c 7c 2d,0,25.85,-24.2682,-52.1631,74.15,1083.06,133.997,24.41,75.59
9c 7c 3c,0,nan,nan,nan,nan,nan,nan,nan,nan
9c 7c 3d,0,nan,nan,nan,nan,nan,nan,nan,nan
9c 7c 4c,0,nan,nan,nan,nan,nan,nan,nan,nan
9c 7c 4d,0,nan,nan,nan,nan,nan,nan,nan,nan
9c 7c 5c,0,nan,nan,nan,nan,nan,nan,nan,nan
9c 7c 5d,0.00001,18.17,-78.7847,-240.924,81.83,1135.34,127.284,26.86,73.14
9c 7c 6c,0,nan,nan,nan,nan,nan,nan,nan,nan
9c 7c 6d,0,nan,nan,nan,nan,nan,nan,nan,nan
9c 7d 7c,0,nan,nan,nan,nan,nan,nan,nan,nan
9c 7d 2c,0,nan,nan,nan,nan,nan,nan,nan,nan
9c 7d 3c,0,nan,nan,nan,nan,nan,nan,nan,nan
9c 7d 4c,0,nan,nan,nan,nan,nan,nan,nan,nan
9c 7d 5c,0,nan,nan,nan,nan,nan,nan,nan,nan
9c 7d 6c,0,nan,nan,nan,nan,nan,nan,nan,nan
9c 8c 2c,0,nan,nan,nan,nan,nan,nan,nan,nan
9c 8c 2d,0,nan,nan,nan,nan,nan,nan,nan,nan
9c 8c 3c,0,nan,nan,nan,nan,nan,nan,nan,nan
9c 8c 3d,0,nan,nan,nan,nan,nan,nan,nan,nan
9c 8c 4c,0,nan,nan,nan,nan,nan,nan,nan,nan
9c 8c 4d,0,nan,nan,nan,nan,nan,nan,nan,nan
9c 8c 5c,0,nan,nan,nan,nan,nan,nan,nan,nan
9c 8c 5d,0,nan,nan,nan,nan,nan,nan,nan,nan
9c 8c 6c,0,nan,nan,nan,nan,nan,nan,nan,nan
9c 8c 6d,0.00006,24.07,-24.6113,-56.8121,75.93,1082.47,130.785,25.43,74.57
9c 8c 7c,0,nan,nan,nan,nan,nan,nan,nan,nan
9c 8c 7d,0,nan,nan,nan,nan,nan,nan,nan,nan
9c 8d 8c,0,nan,nan,nan,nan,nan,nan,nan,nan
9c 8d 2c,0,nan,nan,nan,nan,nan,nan,nan,nan
9c 8d 3c,0,nan,nan,nan,nan,nan,nan,nan,nan
9c 8d 4c,0,nan,nan,nan,nan,nan,nan,nan,nan
9c 8d 5c,0.00001,19.26,-80.0104,-230.734,80.74,1137.35,129.242,26.01,73.99
9c 8d 6c,0.00005,24.27,-23.615,-54.051,75.73,1080.81,130.939,26.16,73.84
9c 8d 7c,0,nan,nan,nan,nan,nan,nan,nan,nan
9d 9c 2c,0,nan,nan,nan,nan,nan,nan,nan,nan
9d 9c 3c,0,nan,nan,nan,nan,nan,nan,nan,nan
9d 9c 4c,0,nan,nan,nan,nan,nan,nan,nan,nan
9d 9c 5c,0,nan,nan,nan,nan,nan,nan,nan,nan
9d 9c 6c,0,nan,nan,nan,nan,nan,nan,nan,nan
9d 9c 7c,0,nan,nan,nan,nan,nan,nan,nan,nan
9d 9c 8c,0,nan,nan,nan,nan,nan,nan,nan,nan
9h 9d 9c,0,36.81,36.9962,55.8403,63.19,1027.28,149.14,18.38,81.62
9d 3c 2c,0,13.15,-155.973,-658.938,86.85,1211.48,127.976,28.01,71.99
9d 4c 2c,0.00001,21.94,-55.1139,-139.585,78.06,1112.76,130.775,25.66,74.34
9d 4c 3c,0,nan,nan,nan,nan,nan,nan,nan,nan
9d 5c 2c,0,nan,nan,nan,nan,nan,nan,nan,nan
9d 5c 3c,0.00001,14.40,-141.523,-546.163,85.61,1196.64,128.243,28.44,71.56
9d 5c 4c,0.00001,13.61,-142.943,-583.55,86.39,1197.76,127.197,28.77,71.23
9d 6c 2c,0,nan,nan,nan,nan,nan,nan,nan,nan
9d 6c 3c,0,nan,nan,nan,nan,nan,nan,nan,nan
9d 6c 4c,0,nan,nan,nan,nan,nan,nan,nan,nan
9d 6c 5c,0.00001,14.83,-114.173,-427.644,85.17,1169.24,125.951,28.50,71.50
9d 7c 2c,0,nan,nan,nan,nan,nan,nan,nan,nan
9d 7c 3c,0,nan,nan,nan,nan,nan,nan,nan,nan
9d 7c 4c,0,nan,nan,nan,nan,nan,nan,nan,nan
9d 7c 5c,0,nan,nan,nan,nan,nan,nan,nan,nan
9d 7c 6c,0,nan,nan,nan,nan,nan,nan,nan,nan
9d 8c 2c,0,nan,nan,nan,nan,nan,nan,nan,nan
9d 8c 3c,0,nan,nan,nan,nan,nan,nan,nan,nan
9d 8c 4c,0,nan,nan,nan,nan,nan,nan,nan,nan
9d 8c 5c,0.00002,19.30,-78.4432,-225.82,80.70,1136.37,129.186,25.35,74.65
9d 8c 6c,0.00008,23.97,-25.4671,-59.0225,76.03,1082.95,130.679,25.84,74.16
9d 8c 7c,0,nan,nan,nan,nan,nan,nan,nan,nan
9h 9d 2c,0,nan,nan,nan,nan,nan,nan,nan,nan
9h 9d 3c,0,nan,nan,nan,nan,nan,nan,nan,nan
9h 9d 4c,0,nan,nan,nan,nan,nan,nan,nan,nan
9h 9d 5c,0,nan,nan,nan,nan,nan,nan,nan,nan
9h 9d 6c,0,nan,nan,nan,nan,nan,nan,nan,nan
9h 9d 7c,0,nan,nan,nan,nan,nan,nan,nan,nan
9h 9d 8c,0,nan,nan,nan,nan,nan,nan,nan,nan
9h 2d 2c,0,nan,nan,nan,nan,nan,nan,nan,nan
9h 3d 3c,0,nan,nan,nan,nan,nan,nan,nan,nan
9h 3d 2c,0,nan,nan,nan,nan,nan,nan,nan,nan
9h 4d 4c,0,nan,nan,nan,nan,nan,nan,nan,nan
9h 4d 2c,0.00002,8.13,-196.185,-1340.46,91.87,1250.95,124.926,28.83,71.17
9h 4d 3c,0,nan,nan,nan,nan,nan,nan,nan,nan
9h 5d 5c,0,nan,nan,nan,nan,nan,nan,nan,nan
9h 5d 2c,0,nan,nan,nan,nan,nan,nan,nan,nan
9h 5d 3c,0,nan,nan,nan,nan,nan,nan,nan,nan
9h 5d 4c,0,nan,nan,nan,nan,nan,nan,nan,nan
9h 6d 6c,0,nan,nan,nan,nan,nan,nan,nan,nan
9h 6d 2c,0,17.94,-70.704,-218.967,82.06,1130.36,126.369,23.46,76.54
9h 6d 3c,0,nan,nan,nan,nan,nan,nan,nan,nan
9h 6d 4c,0,nan,nan,nan,nan,nan,nan,nan,nan
9h 6d 5c,0,nan,nan,nan,nan,nan,nan,nan,nan
9h 7d 7c,0,nan,nan,nan,nan,nan,nan,nan,nan
9h 7d 2c,0.00001,20.78,-47.6354,-127.329,79.22,1108.63,128.394,21.99,78.01
9h 7d 3c,0,nan,nan,nan,nan,nan,nan,nan,nan
9h 7d 4c,0,nan,nan,nan,nan,nan,nan,nan,nan
9h 7d 5c,0,nan,nan,nan,nan,nan,nan,nan,nan
9h 7d 6c,0,nan,nan,nan,nan,nan,nan,nan,nan
9h 8d 8c,0,nan,nan,nan,nan,nan,nan,nan,nan
9h 8d 2c,0,nan,nan,nan,nan,nan,nan,nan,nan
9h 8d 3c,0,nan,nan,nan,nan,nan,nan,nan,nan
9h 8d 4c,0,nan,nan,nan,nan,nan,nan,nan,nan
9h 8d 5c,0,nan,nan,nan,nan,nan,nan,nan,nan
9h 8d 6c,0,nan,nan,nan,nan,nan,nan,nan,nan
9h 8d 7c,0,13.23,-110.208,-462.816,86.77,1167.38,123.428,26.18,73.82
Ac 2d 2c,0,15.93,21.7636,75.9021,84.07,1048.53,114.422,11.77,88.23
Ac 3c 2c,0,nan,nan,nan,nan,nan,nan,nan,nan
Ac 3c 2d,0.00301,35.76,36.7513,57.0954,64.24,1025.29,146.426,20.83,79.17
Ac 3d 3c,0,16.37,-16.3694,-55.56,83.63,1083.05,118.809,15.74,84.26
Ac 3d 2c,0.00416,34.64,35.4466,56.8543,65.36,1027.26,144.186,20.10,79.90
Ac 4c 2c,0,nan,nan,nan,nan,nan,nan,nan,nan
Ac 4c 2d,0.00105,35.32,32.3858,50.9451,64.68,1029.93,146.079,20.53,79.47
Ac 4c 3c,0,nan,nan,nan,nan,nan,nan,nan,nan
Ac 4c 3d,0.0015,35.26,27.7396,43.7043,64.74,1035.23,146.706,19.82,80.18
Ac 4d 4c,0,nan,nan,nan,nan,nan,nan,nan,nan
Ac 4d 2c,0.00069,33.89,30.4088,49.8526,66.11,1032.32,143.253,20.08,79.92
Ac 4d 3c,0.00056,35.23,30.3267,47.8183,64.77,1031.79,146.157,20.75,79.25
Ac 5c 2c,0,nan,nan,nan,nan,nan,nan,nan,nan
Ac 5c 2d,0.00105,36.12,30.7998,47.3787,63.88,1031.89,148.188,20.12,79.88
Ac 5c 3c,0,nan,nan,nan,nan,nan,nan,nan,nan
Ac 5c 3d,0.00341,36.15,30.0466,46.1709,63.85,1032.77,148.403,19.98,80.02
Ac 5c 4c,0,nan,nan,nan,nan,nan,nan,nan,nan
Ac 5c 4d,0,nan,nan,nan,nan,nan,nan,nan,nan
Ac 5d 5c,0,14.46,-39.7417,-152.724,85.54,1106.91,118.714,15.20,84.80
Ac 5d 2c,0.00046,33.27,23.1715,38.6916,66.73,1039.36,142.897,20.30,79.70
Ac 5d 3c,0,nan,nan,nan,nan,nan,nan,nan,nan
Ac 5d 4c,0,17.01,-111.861,-365.335,82.99,1167.32,129.044,28.07,71.93
Ac 6c 2c,0,nan,nan,nan,nan,nan,nan,nan,nan
Ac 6c 2d,0,nan,nan,nan,nan,nan,nan,nan,nan
Ac 6c 3c,0,nan,nan,nan,nan,nan,nan,nan,nan
Ac 6c 3d,0,nan,nan,nan,nan,nan,nan,nan,nan
Ac 6c 4c,0,nan,nan,nan,nan,nan,nan,nan,nan
Ac 6c 4d,0,12.94,-122.224,-524.745,87.06,1181.14,124.466,24.27,75.73
Ac 6c 5c,0,nan,nan,nan,nan,nan,nan,nan,nan
Ac 6c 5d,0,nan,nan,nan,nan,nan,nan,nan,nan
Ac 6d 6c,0,nan,nan,nan,nan,nan,nan,nan,nan
Ac 6d 2c,0,nan,nan,nan,nan,nan,nan,nan,nan
Ac 6d 3c,0,nan,nan,nan,nan,nan,nan,nan,nan
Ac 6d 4c,0,nan,nan,nan,nan,nan,nan,nan,nan
Ac 6d 5c,0,nan,nan,nan,nan,nan,nan,nan,nan
Ac 7c 2c,0,nan,nan,nan,nan,nan,nan,nan,nan
Ac 7c 2d,0,nan,nan,nan,nan,nan,nan,nan,nan
Ac 7c 3c,0,nan,nan,nan,nan,nan,nan,nan,nan
Ac 7c 3d,0.00001,38.98,39.8429,56.7884,61.02,1018.06,153.061,25.38,74.62
Ac 7c 4c,0,nan,nan,nan,nan,nan,nan,nan,nan
Ac 7c 4d,0,13.07,-122.615,-521.297,86.93,1181.45,124.681,24.36,75.64
Ac 7c 5c,0,nan,nan,nan,nan,nan,nan,nan,nan
Ac 7c 5d,0,nan,nan,nan,nan,nan,nan,nan,nan
Ac 7c 6c,0,nan,nan,nan,nan,nan,nan,nan,nan
Ac 7c 6d,0,nan,nan,nan,nan,nan,nan,nan,nan
Ac 7d 7c,0,nan,nan,nan,nan,nan,nan,nan,nan
Ac 7d 2c,0,nan,nan,nan,nan,nan,nan,nan,nan
Ac 7d 3c,0,nan,nan,nan,nan,nan,nan,nan,nan
Ac 7d 4c,0,nan,nan,nan,nan,nan,nan,nan,nan
Ac 7d 5c,0,nan,nan,nan,nan,nan,nan,nan,nan
Ac 7d 6c,0,nan,nan,nan,nan,nan,nan,nan,nan
Ac 8c 2c,0,nan,nan,nan,nan,nan,nan,nan,nan
Ac 8c 2d,0,nan,nan,nan,nan,nan,nan,nan,nan
Ac 8c 3c,0,nan,nan,nan,nan,nan,nan,nan,nan
Ac 8c 3d,0,nan,nan,nan,nan,nan,nan,nan,nan
Ac 8c 4c,0,nan,nan,nan,nan,nan,nan,nan,nan
Ac 8c 4d,0,nan,nan,nan,nan,nan,nan,nan,nan
Ac 8c 5c,0,nan,nan,nan,nan,nan,nan,nan,nan
Ac 8c 5d,0,nan,nan,nan,nan,nan,nan,nan,nan
Ac 8c 6c,0,nan,nan,nan,nan,nan,nan,nan,nan
Ac 8c 6d,0,nan,nan,nan,nan,nan,nan,nan,nan
Ac 8c 7c,0,nan,nan,nan,nan,nan,nan,nan,nan
Ac 8c 7d,0,nan,nan,nan,nan,nan,nan,nan,nan
Ac 8d 8c,0,50.19,253.084,280.157,49.81,804.031,148.083,26.25,73.75
Ac 8d 2c,0,nan,nan,nan,nan,nan,nan,nan,nan
Ac 8d 3c,0,nan,nan,nan,nan,nan,nan,nan,nan
Ac 8d 4c,0,nan,nan,nan,nan,nan,nan,nan,nan
Ac 8d 5c,0,nan,nan,nan,nan,nan,nan,nan,nan
Ac 8d 6c,0,nan,nan,nan,nan,nan,nan,nan,nan
Ac 8d 7c,0,nan,nan,nan,nan,nan,nan,nan,nan
Ac 9c 2c,0,nan,nan,nan,nan,nan,nan,nan,nan
Ac 9c 2d,0.00008,33.53,-5.72893,-9.49179,66.47,1062.3,146.623,26.85,73.15
Ac 9c 3c,0,nan,nan,nan,nan,nan,nan,nan,nan
Ac 9c 3d,0.0002,37.86,26.1109,38.3199,62.14,1029.76,152.022,27.61,72.39
Ac 9c 4c,0,nan,nan,nan,nan,nan,nan,nan,nan
Ac 9c 4d,0,nan,nan,nan,nan,nan,nan,nan,nan
Ac 9c 5c,0,nan,nan,nan,nan,nan,nan,nan,nan
Ac 9c 5d,0,nan,nan,nan,nan,nan,nan,nan,nan
Ac 9c 6c,0,17.49,-33.3901,-106.046,82.51,1088.09,120.991,28.91,71.09
Ac 9c 6d,0,nan,nan,nan,nan,nan,nan,nan,nan
Ac 9c 7c,0,nan,nan,nan,nan,nan,nan,nan,nan
Ac 9c 7d,0,nan,nan,nan,nan,nan,nan,nan,nan
Ac 9c 8c,0,nan,nan,nan,nan,nan,nan,nan,nan
Ac 9c 8d,0,nan,nan,nan,nan,nan,nan,nan,nan
Ac 9d 9c,0,42.02,69.4663,91.845,57.98,983.818,155.669,30.45,69.55
Ac 9d 2c,0,nan,nan,nan,nan,nan,nan,nan,nan
Ac 9d 3c,0,nan,nan,nan,nan,nan,nan,nan,nan
Ac 9d 4c,0,nan,nan,nan,nan,nan,nan,nan,nan
Ac 9d 5c,0,nan,nan,nan,nan,nan,nan,nan,nan
Ac 9d 6c,0,nan,nan,nan,nan,nan,nan,nan,nan
Ac 9d 7c,0,nan,nan,nan,nan,nan,nan,nan,nan
Ac 9d 8c,0,nan,nan,nan,nan,nan,nan,nan,nan
Ad Ac 2c,0,nan,nan,nan,nan,nan,nan,nan,nan
Ad Ac 3c,0,10.45,-60.7977,-323.374,89.55,1131.42,115.907,11.41,88.59
Ad Ac 4c,0,10.01,-131.481,-729.933,89.99,1182.88,120.589,32.52,67.48
Ad Ac 5c,0,nan,nan,nan,nan,nan,nan,nan,nan
Ad Ac 6c,0,4.93,-11.5595,-130.343,95.07,1083.92,104.595,9.50,90.50
Ad Ac 7c,0,nan,nan,nan,nan,nan,nan,nan,nan
Ad Ac 8c,0,nan,nan,nan,nan,nan,nan,nan,nan
Ad Ac 9c,0,7.20,-2.18861,-16.8805,92.80,1073.87,106.167,10.24,89.76
Ah Ad Ac,0,39.22,105.384,149.295,60.79,965.671,145.749,10.93,89.07
Ad Ac Jc,0,26.10,107.553,228.92,73.90,957.95,118.927,17.03,82.97
Ad Ac Kc,0,nan,nan,nan,nan,nan,nan,nan,nan
Ad Ac Qc,0,26.76,55.772,115.771,73.24,1012.59,126.847,13.89,86.11
Ad Ac Tc,0,34.18,86.5147,140.626,65.82,984.33,137.198,11.16,88.84
Ac Jc 2c,0,nan,nan,nan,nan,nan,nan,nan,nan
Ac Jc 2d,0.00007,42.85,44.5586,57.7697,57.15,1010.19,162.167,28.85,71.15
Ac Jc 3c,0,nan,nan,nan,nan,nan,nan,nan,nan
Ac Jc 3d,0.00009,42.58,46.1755,60.2481,57.42,1007.8,161.017,29.70,70.30
Ac Jc 4c,0,nan,nan,nan,nan,nan,nan,nan,nan
Ac Jc 4d,0.00001,41.72,47.6364,63.4295,58.28,1006.73,158.486,29.27,70.73
Ac Jc 5c,0,nan,nan,nan,nan,nan,nan,nan,nan
Ac Jc 5d,0,nan,nan,nan,nan,nan,nan,nan,nan
Ac Jc 6c,0,nan,nan,nan,nan,nan,nan,nan,nan
Ac Jc 6d,0,37.71,38.0463,56.047,62.29,1022.17,150.555,22.84,77.16
Ac Jc 7c,0,nan,nan,nan,nan,nan,nan,nan,nan
Ac Jc 7d,0,nan,nan,nan,nan,nan,nan,nan,nan
Ac Jc 8c,0,nan,nan,nan,nan,nan,nan,nan,nan
Ac Jc 8d,0,43.75,51.3709,65.2281,56.25,1006.04,164.094,25.93,74.07
Ac Jc 9c,0,nan,nan,nan,nan,nan,nan,nan,nan
Ac Jc 9d,0.00005,44.08,51.862,65.3577,55.92,1006.23,165.094,25.18,74.82
Ac Jd Jc,0,61.27,59.0062,53.501,38.73,1000.93,237.118,23.14,76.86
Ac Jc Tc,0,nan,nan,nan,nan,nan,nan,nan,nan
Ac Jc Td,0,nan,nan,nan,nan,nan,nan,nan,nan
Ac Jd 2c,0,nan,nan,nan,nan,nan,nan,nan,nan
Ac Jd 3c,0,nan,nan,nan,nan,nan,nan,nan,nan
Ac Jd 4c,0,nan,nan,nan,nan,nan,nan,nan,nan
Ac Jd 5c,0,nan,nan,nan,nan,nan,nan,nan,nan
Ac Jd 6c,0,16.95,-24.5726,-80.5194,83.05,1100.45,121.569,5.63,94.37
Ac Jd 7c,0,nan,nan,nan,nan,nan,nan,nan,nan
Ac Jd 8c,0,nan,nan,nan,nan,nan,nan,nan,nan
Ac Jd 9c,0,nan,nan,nan,nan,nan,nan,nan,nan
Ac Jd Tc,0,nan,nan,nan,nan,nan,nan,nan,nan
Ac Kc 2c,0,5.36,-61.4241,-636.767,94.64,1132.22,109.754,11.21,88.79
Ac Kc 2d,0.00012,43.33,43.0041,55.1408,56.67,1008.96,163.334,31.91,68.09
Ac Kc 3c,0,23.80,-9.86397,-23.0278,76.20,1068.56,128.647,24.51,75.49
Ac Kc 3d,0.00059,43.45,44.7933,57.2737,56.55,1008.02,163.532,30.97,69.03
Ac Kc 4c,0,10.53,-17.5979,-92.839,89.47,1084.1,111.165,15.93,84.07
Ac Kc 4d,0.00005,43.73,57.6076,73.1831,56.27,995.542,162.319,30.60,69.40
Ac Kc 5c,0,17.06,-55.4203,-180.454,82.94,1124.66,124.406,12.92,87.08
Ac Kc 5d,0,nan,nan,nan,nan,nan,nan,nan,nan
Ac Kc 6c,0,5.79,-108.995,-1045.38,94.21,1173.59,114.289,18.03,81.97
Ac Kc 6d,0,nan,nan,nan,nan,nan,nan,nan,nan
Ac Kc 7c,0,9.16,-13.3403,-80.9425,90.84,1089.6,110.039,5.21,94.79
Ac Kc 7d,0,nan,nan,nan,nan,nan,nan,nan,nan
Ac Kc 8c,0,41.90,22.3459,29.6302,58.10,1052.07,166.122,7.23,92.77
Ac Kc 8d,0,nan,nan,nan,nan,nan,nan,nan,nan
Ac Kc 9c,0,44.67,23.2147,28.8687,55.33,1050.62,174.218,7.87,92.13
Ac Kc 9d,0,nan,nan,nan,nan,nan,nan,nan,nan
Ac Kc Jc,0,13.58,-47.8016,-195.52,86.42,1107.13,117.535,23.82,76.18
Ac Kc Jd,0,nan,nan,nan,nan,nan,nan,nan,nan
Ac Kd Kc,0,16.67,-53.0664,-176.839,83.33,1122.48,123.583,12.73,87.27
Ac Kc Qc,0,7.15,-104.667,-813.59,92.85,1167.24,115.33,20.25,79.75
Ac Kc Qd,0,nan,nan,nan,nan,nan,nan,nan,nan
Ac Kc Tc,0.00001,19.53,10.2225,29.0849,80.47,1044.82,119.112,28.53,71.47
Ac Kc Td,0,nan,nan,nan,nan,nan,nan,nan,nan
Ac Kd 2c,0,nan,nan,nan,nan,nan,nan,nan,nan
Ac Kd 3c,0,nan,nan,nan,nan,nan,nan,nan,nan
Ac Kd 4c,0,nan,nan,nan,nan,nan,nan,nan,nan
Ac Kd 5c,0,nan,nan,nan,nan,nan,nan,nan,nan
Ac Kd 6c,0,nan,nan,nan,nan,nan,nan,nan,nan
Ac Kd 7c,0.00001,14.32,-155.89,-604.972,85.68,1212.55,129.828,26.75,73.25
Ac Kd 8c,0,nan,nan,nan,nan,nan,nan,nan,nan
Ac Kd 9c,0,nan,nan,nan,nan,nan,nan,nan,nan
Ac Kd Jc,0,nan,nan,nan,nan,nan,nan,nan,nan
Ac Kd Qc,0,nan,nan,nan,nan,nan,nan,nan,nan
Ac Kd Tc,0,nan,nan,nan,nan,nan,nan,nan,nan
Ac Qc 2c,0,nan,nan,nan,nan,nan,nan,nan,nan
Ac Qc 2d,0.00017,42.65,44.9716,58.5752,57.35,1008.18,161.288,30.60,69.40
Ac Qc 3c,0,nan,nan,nan,nan,nan,nan,nan,nan
Ac Qc 3d,0.00038,42.01,39.0104,51.5933,57.99,1013.98,160.406,30.78,69.22
Ac Qc 4c,0,nan,nan,nan,nan,nan,nan,nan,nan
Ac Qc 4d,0.00002,42.60,54.6709,71.3018,57.40,998.545,159.591,30.53,69.47
Ac Qc 5c,0,nan,nan,nan,nan,nan,nan,nan,nan
Ac Qc 5d,0,nan,nan,nan,nan,nan,nan,nan,nan
Ac Qc 6c,0,nan,nan,nan,nan,nan,nan,nan,nan
Ac Qc 6d,0,33.41,12.6636,21.0552,66.59,1052,144.945,17.96,82.04
Ac Qc 7c,0,6.27,-23.7365,-210.321,93.73,1094.23,107.101,11.55,88.45
Ac Qc 7d,0,nan,nan,nan,nan,nan,nan,nan,nan
Ac Qc 8c,0,8.39,-109.938,-727.583,91.61,1170.31,117.205,22.67,77.33
Ac Qc 8d,0.00001,43.61,54.8329,69.8519,56.39,1002.1,163.039,26.44,73.56
Ac Qc 9c,0,24.95,-28.4285,-63.299,75.05,1070.9,130.911,42.34,57.66
Ac Qc 9d,0.00001,43.54,51.9426,66.2709,56.46,1006.44,163.55,24.85,75.15
Ac Qc Jc,0,nan,nan,nan,nan,nan,nan,nan,nan
Ac Qc Jd,0,nan,nan,nan,nan,nan,nan,nan,nan
Ac Qd Qc,0,51.83,116.625,124.996,48.16,934.699,178.039,32.61,67.39
Ac Qc Tc,0,21.83,17.0075,43.2799,78.17,1035.96,121.586,30.80,69.20
Ac Qc Td,0,nan,nan,nan,nan,nan,nan,nan,nan
Ac Qd 2c,0,nan,nan,nan,nan,nan,nan,nan,nan
Ac Qd 3c,0,nan,nan,nan,nan,nan,nan,nan,nan
Ac Qd 4c,0.00001,47.01,46.2333,54.6413,52.99,1017.78,176.201,18.67,81.33
Ac Qd 5c,0,nan,nan,nan,nan,nan,nan,nan,nan
Ac Qd 6c,0,29.75,-2.34063,-4.37139,70.25,1070.94,139.852,13.63,86.37
Ac Qd 7c,0,nan,nan,nan,nan,nan,nan,nan,nan
Ac Qd 8c,0,nan,nan,nan,nan,nan,nan,nan,nan
Ac Qd 9c,0,nan,nan,nan,nan,nan,nan,nan,nan
Ac Qd Jc,0,nan,nan,nan,nan,nan,nan,nan,nan
Ac Qd Tc,0,nan,nan,nan,nan,nan,nan,nan,nan
Ac Tc 2c,0,nan,nan,nan,nan,nan,nan,nan,nan
Ac Tc 2d,0.00003,42.76,42.5433,55.2684,57.24,1012.56,162.304,28.46,71.54
Ac Tc 3c,0,nan,nan,nan,nan,nan,nan,nan,nan
Ac Tc 3d,0.00011,40.55,28.3638,38.8588,59.45,1025.37,158.236,29.97,70.03
Ac Tc 4c,0,nan,nan,nan,nan,nan,nan,nan,nan
Ac Tc 4d,0.00004,41.26,44.0083,59.2608,58.74,1011.84,158.026,27.64,72.36
Ac Tc 5c,0,nan,nan,nan,nan,nan,nan,nan,nan
Ac Tc 5d,0,nan,nan,nan,nan,nan,nan,nan,nan
Ac Tc 6c,0,8.23,-83.9743,-567.016,91.77,1147.72,114.738,18.96,81.04
Ac Tc 6d,0,nan,nan,nan,nan,nan,nan,nan,nan
Ac Tc 7c,0,nan,nan,nan,nan,nan,nan,nan,nan
Ac Tc 7d,0.00003,41.69,46.721,62.2606,58.31,1010.19,158.937,26.47,73.53
Ac Tc 8c,0,nan,nan,nan,nan,nan,nan,nan,nan
Ac Tc 8d,0,nan,nan,nan,nan,nan,nan,nan,nan
Ac Tc 9c,0,nan,nan,nan,nan,nan,nan,nan,nan
Ac Tc 9d,0,nan,nan,nan,nan,nan,nan,nan,nan
Ac Td Tc,0,56.76,66.5832,65.1717,43.24,980.408,208.008,37.37,62.63
Ac Td 2c,0,nan,nan,nan,nan,nan,nan,nan,nan
Ac Td 3c,0,nan,nan,nan,nan,nan,nan,nan,nan
Ac Td 4c,0,nan,nan,nan,nan,nan,nan,nan,nan
Ac Td 5c,0,nan,nan,nan,nan,nan,nan,nan,nan
Ac Td 6c,0,nan,nan,nan,nan,nan,nan,nan,nan
Ac Td 7c,0,nan,nan,nan,nan,nan,nan,nan,nan
Ac Td 8c,0,nan,nan,nan,nan,nan,nan,nan,nan
Ac Td 9c,0,nan,nan,nan,nan,nan,nan,nan,nan
Ad 3c 2c,0,nan,nan,nan,nan,nan,nan,nan,nan
Ad 4c 2c,0,nan,nan,nan,nan,nan,nan,nan,nan
Ad 4c 3c,0,nan,nan,nan,nan,nan,nan,nan,nan
Ad 5c 2c,0,nan,nan,nan,nan,nan,nan,nan,nan
Ad 5c 3c,0,nan,nan,nan,nan,nan,nan,nan,nan
Ad 5c 4c,0,nan,nan,nan,nan,nan,nan,nan,nan
Ad 6c 2c,0,nan,nan,nan,nan,nan,nan,nan,nan
Ad 6c 3c,0,nan,nan,nan,nan,nan,nan,nan,nan
Ad 6c 4c,0,nan,nan,nan,nan,nan,nan,nan,nan
Ad 6c 5c,0,nan,nan,nan,nan,nan,nan,nan,nan
Ad 7c 2c,0,nan,nan,nan,nan,nan,nan,nan,nan
Ad 7c 3c,0,nan,nan,nan,nan,nan,nan,nan,nan
Ad 7c 4c,0,nan,nan,nan,nan,nan,nan,nan,nan
Ad 7c 5c,0,nan,nan,nan,nan,nan,nan,nan,nan
Ad 7c 6c,0,nan,nan,nan,nan,nan,nan,nan,nan
Ad 8c 2c,0,nan,nan,nan,nan,nan,nan,nan,nan
Ad 8c 3c,0,nan,nan,nan,nan,nan,nan,nan,nan
Ad 8c 4c,0,nan,nan,nan,nan,nan,nan,nan,nan
Ad 8c 5c,0,nan,nan,nan,nan,nan,nan,nan,nan
Ad 8c 6c,0,nan,nan,nan,nan,nan,nan,nan,nan
Ad 8c 7c,0,nan,nan,nan,nan,nan,nan,nan,nan
Ad 9c 2c,0,11.65,-150.207,-716.299,88.35,1208.07,125.448,25.42,74.58
Ad 9c 3c,0,nan,nan,nan,nan,nan,nan,nan,nan
Ad 9c 4c,0,nan,nan,nan,nan,nan,nan,nan,nan
Ad 9c 5c,0,nan,nan,nan,nan,nan,nan,nan,nan
Ad 9c 6c,0,nan,nan,nan,nan,nan,nan,nan,nan
Ad 9c 7c,0,nan,nan,nan,nan,nan,nan,nan,nan
Ad 9c 8c,0,nan,nan,nan,nan,nan,nan,nan,nan
Ah Ad 2c,0,nan,nan,nan,nan,nan,nan,nan,nan
Ah Ad 3c,0,nan,nan,nan,nan,nan,nan,nan,nan
Ah Ad 4c,0,31.87,101.371,176.729,68.13,968.198,130.37,12.56,87.44
Ah Ad 5c,0,nan,nan,nan,nan,nan,nan,nan,nan
Ah Ad 6c,0,nan,nan,nan,nan,nan,nan,nan,nan
Ah Ad 7c,0,nan,nan,nan,nan,nan,nan,nan,nan
Ah Ad 8c,0,6.95,-79.7128,-637.163,93.05,1141.79,112.575,20.80,79.20
Ah Ad 9c,0,23.08,126.778,305.15,76.92,927.141,110.582,29.76,70.24
Ah Ad Jc,0,33.47,129.845,215.557,66.53,935.442,128.986,17.27,82.73
Ah Ad Kc,0,43.69,142.417,181.074,56.31,916.194,149.283,24.60,75.40
Ah Ad Qc,0,nan,nan,nan,nan,nan,nan,nan,nan
Ah Ad Tc,0,17.20,25.7117,83.0246,82.80,1031.07,114.249,26.62,73.38
Ad Jc 2c,0,nan,nan,nan,nan,nan,nan,nan,nan
Ad Jc 3c,0,nan,nan,nan,nan,nan,nan,nan,nan
Ad Jc 4c,0,58.14,73.7535,70.4704,41.86,989.022,216.781,20.03,79.97
Ad Jc 5c,0,nan,nan,nan,nan,nan,nan,nan,nan
Ad Jc 6c,0,16.62,-28.4096,-94.9485,83.38,1103.78,121.453,6.19,93.81
Ad Jc 7c,0,nan,nan,nan,nan,nan,nan,nan,nan
Ad Jc 8c,0,nan,nan,nan,nan,nan,nan,nan,nan
Ad Jc 9c,0,nan,nan,nan,nan,nan,nan,nan,nan
Ad Jc Tc,0,nan,nan,nan,nan,nan,nan,nan,nan
Ad Kc 2c,0,nan,nan,nan,nan,nan,nan,nan,nan
Ad Kc 3c,0,nan,nan,nan,nan,nan,nan,nan,nan
Ad Kc 4c,0,nan,nan,nan,nan,nan,nan,nan,nan
Ad Kc 5c,0,nan,nan,nan,nan,nan,nan,nan,nan
Ad Kc 6c,0,nan,nan,nan,nan,nan,nan,nan,nan
Ad Kc 7c,0,nan,nan,nan,nan,nan,nan,nan,nan
Ad Kc 8c,0,nan,nan,nan,nan,nan,nan,nan,nan
Ad Kc 9c,0,nan,nan,nan,nan,nan,nan,nan,nan
Ad Kc Jc,0,nan,nan,nan,nan,nan,nan,nan,nan
Ad Kc Qc,0,nan,nan,nan,nan,nan,nan,nan,nan
Ad Kc Tc,0,nan,nan,nan,nan,nan,nan,nan,nan
Ad Qc 2c,0,nan,nan,nan,nan,nan,nan,nan,nan
Ad Qc 3c,0,nan,nan,nan,nan,nan,nan,nan,nan
Ad Qc 4c,0,59.67,83.852,78.068,40.33,979.05,222.726,19.89,80.11
Ad Qc 5c,0,nan,nan,nan,nan,nan,nan,nan,nan
Ad Qc 6c,0,12.29,-91.0532,-411.449,87.71,1156.23,120.944,17.38,82.62
Ad Qc 7c,0,nan,nan,nan,nan,nan,nan,nan,nan
Ad Qc 8c,0,nan,nan,nan,nan,nan,nan,nan,nan
Ad Qc 9c,0,nan,nan,nan,nan,nan,nan,nan,nan
Ad Qc Jc,0,nan,nan,nan,nan,nan,nan,nan,nan
Ad Qc Tc,0,nan,nan,nan,nan,nan,nan,nan,nan
Ad Tc 2c,0,nan,nan,nan,nan,nan,nan,nan,nan
Ad Tc 3c,0,nan,nan,nan,nan,nan,nan,nan,nan
Ad Tc 4c,0,nan,nan,nan,nan,nan,nan,nan,nan
Ad Tc 5c,0,61.92,98.0954,88.0062,38.08,965.031,232.524,19.64,80.36
Ad Tc 6c,0,nan,nan,nan,nan,nan,nan,nan,nan
Ad Tc 7c,0,nan,nan,nan,nan,nan,nan,nan,nan
Ad Tc 8c,0,nan,nan,nan,nan,nan,nan,nan,nan
Ad Tc 9c,0,nan,nan,nan,nan,nan,nan,nan,nan
Ah 2d 2c,0,nan,nan,nan,nan,nan,nan,nan,nan
Ah 3d 3c,0,nan,nan,nan,nan,nan,nan,nan,nan
Ah 3d 2c,0,nan,nan,nan,nan,nan,nan,nan,nan
Ah 4d 4c,0,nan,nan,nan,nan,nan,nan,nan,nan
Ah 4d 2c,0,nan,nan,nan,nan,nan,nan,nan,nan
Ah 4d 3c,0,nan,nan,nan,nan,nan,nan,nan,nan
Ah 5d 5c,0,nan,nan,nan,nan,nan,nan,nan,nan
Ah 5d 2c,0,nan,nan,nan,nan,nan,nan,nan,nan
Ah 5d 3c,0,nan,nan,nan,nan,nan,nan,nan,nan
Ah 5d 4c,0,11.76,-174.417,-824.252,88.24,1228.4,127.71,29.69,70.31
Ah 6d 6c,0,nan,nan,nan,nan,nan,nan,nan,nan
Ah 6d 2c,0,nan,nan,nan,nan,nan,nan,nan,nan
Ah 6d 3c,0,nan,nan,nan,nan,nan,nan,nan,nan
Ah 6d 4c,0,nan,nan,nan,nan,nan,nan,nan,nan
Ah 6d 5c,0.00002,16.37,-52.8855,-179.46,83.63,1117.26,122.567,18.27,81.73
Ah 7d 7c,0,nan,nan,nan,nan,nan,nan,nan,nan
Ah 7d 2c,0,nan,nan,nan,nan,nan,nan,nan,nan
Ah 7d 3c,0,nan,nan,nan,nan,nan,nan,nan,nan
Ah 7d 4c,0,15.54,-59.6466,-213.177,84.45,1122.28,121.913,20.19,79.81
Ah 7d 5c,0,nan,nan,nan,nan,nan,nan,nan,nan
Ah 7d 6c,0,nan,nan,nan,nan,nan,nan,nan,nan
Ah 8d 8c,0,nan,nan,nan,nan,nan,nan,nan,nan
Ah 8d 2c,0,nan,nan,nan,nan,nan,nan,nan,nan
Ah 8d 3c,0,nan,nan,nan,nan,nan,nan,nan,nan
Ah 8d 4c,0,nan,nan,nan,nan,nan,nan,nan,nan
Ah 8d 5c,0,nan,nan,nan,nan,nan,nan,nan,nan
Ah 8d 6c,0,nan,nan,nan,nan,nan,nan,nan,nan
Ah 8d 7c,0.00001,20.91,-35.3359,-93.8821,79.09,1098.98,127.48,19.07,80.93
Ah 9d 9c,0,58.06,145.915,139.629,41.94,919.061,201.027,17.61,82.39
Ah 9d 2c,0,nan,nan,nan,nan,nan,nan,nan,nan
Ah 9d 3c,0,nan,nan,nan,nan,nan,nan,nan,nan
Ah 9d 4c,0,36.97,71.5878,107.573,63.03,997.198,145.15,13.42,86.58
Ah 9d 5c,0,nan,nan,nan,nan,nan,nan,nan,nan
Ah 9d 6c,0,nan,nan,nan,nan,nan,nan,nan,nan
Ah 9d 7c,0,nan,nan,nan,nan,nan,nan,nan,nan
Ah 9d 8c,0,nan,nan,nan,nan,nan,nan,nan,nan
Ah Jd Jc,0,20.64,137.985,371.492,79.36,928.97,107.386,15.43,84.57
Ah Jd 2c,0,nan,nan,nan,nan,nan,nan,nan,nan
Ah Jd 3c,0,27.84,-12.2561,-24.4537,72.16,1085.09,137.965,8.97,91.03
Ah Jd 4c,0,32.62,-0.88087,-1.50002,67.38,1081.21,147.225,0.74,99.26
Ah Jd 5c,0,32.12,79.8501,138.123,67.88,987.033,133.396,15.51,84.49
Ah Jd 6c,0,32.74,36.4272,61.8204,67.26,1024.91,139.789,21.61,78.39
Ah Jd 7c,0,34.77,31.7417,50.7198,65.23,1038.49,146.056,11.83,88.17
Ah Jd 8c,0,nan,nan,nan,nan,nan,nan,nan,nan
Ah Jd 9c,0,nan,nan,nan,nan,nan,nan,nan,nan
Ah Jd Tc,0,10.18,-136.896,-747.329,89.82,1195.41,122.095,24.71,75.29
Ah Kd Kc,0,nan,nan,nan,nan,nan,nan,nan,nan
Ah Kd 2c,0,nan,nan,nan,nan,nan,nan,nan,nan
Ah Kd 3c,0,nan,nan,nan,nan,nan,nan,nan,nan
Ah Kd 4c,0,nan,nan,nan,nan,nan,nan,nan,nan
Ah Kd 5c,0,nan,nan,nan,nan,nan,nan,nan,nan
Ah Kd 6c,0,14.72,-19.1255,-72.1706,85.28,1091.65,117.442,9.31,90.69
Ah Kd 7c,0,17.62,4.8129,15.1754,82.38,1072.35,119.423,4.22,95.78
Ah Kd 8c,0,14.95,-309.899,-1151.86,85.05,1344.04,144.975,51.49,48.51
Ah Kd 9c,0,9.46,-141.778,-832.209,90.54,1205.29,122.136,19.23,80.77
Ah Kd Jc,0,nan,nan,nan,nan,nan,nan,nan,nan
Ah Kd Qc,0,nan,nan,nan,nan,nan,nan,nan,nan
Ah Kd Tc,0,27.38,-3.5369,-7.17689,72.62,1068.76,135.017,17.34,82.66
Ah Qd Qc,0,nan,nan,nan,nan,nan,nan,nan,nan
Ah Qd 2c,0,nan,nan,nan,nan,nan,nan,nan,nan
Ah Qd 3c,0,33.48,18.4959,30.6911,66.52,1051.57,145.031,12.01,87.99
Ah Qd 4c,0,29.63,10.6381,19.9484,70.37,1068.56,139.304,1.98,98.02
Ah Qd 5c,0,31.84,31.3596,54.7247,68.16,1041.44,140.169,9.01,90.99
Ah Qd 6c,0,nan,nan,nan,nan,nan,nan,nan,nan
Ah Qd 7c,0,31.83,14.0086,24.452,68.17,1063.76,143.157,3.56,96.44
Ah Qd 8c,0,35.11,79.8437,126.325,64.89,986.767,139.52,15.81,84.19
Ah Qd 9c,0,45.21,90.5595,111.281,54.79,977.656,163.705,14.05,85.95
Ah Qd Jc,0,nan,nan,nan,nan,nan,nan,nan,nan
Ah Qd Tc,0,43.85,31.6754,40.1348,56.15,1040.96,170.069,9.20,90.80
Ah Td Tc,0,20.98,150.067,397.357,79.02,911.619,105.843,21.23,78.77
Ah Td 2c,0,43.15,12.2806,15.8099,56.85,1060.2,171.104,9.37,90.63
Ah Td 3c,0,37.99,60.4744,88.4349,62.01,1012.18,149.752,9.18,90.82
Ah Td 4c,0,35.01,31.1366,49.4032,64.99,1027.46,145.05,24.62,75.38
Ah Td 5c,0,53.21,42.5517,44.4256,46.79,1000.12,196.107,42.12,57.88
Ah Td 6c,0,24.01,14.3724,33.2597,75.99,1050,126.762,18.27,81.73
Ah Td 7c,0,nan,nan,nan,nan,nan,nan,nan,nan
Ah Td 8c,0,nan,nan,nan,nan,nan,nan,nan,nan
Ah Td 9c,0,nan,nan,nan,nan,nan,nan,nan,nan
Jc 2d 2c,0,nan,nan,nan,nan,nan,nan,nan,nan
Jc 3c 2c,0,nan,nan,nan,nan,nan,nan,nan,nan
Jc 3c 2d,0.00005,22.01,-45.5405,-114.953,77.99,1103.9,129.858,24.88,75.12
Jc 3d 3c,0,nan,nan,nan,nan,nan,nan,nan,nan
Jc 3d 2c,0,nan,nan,nan,nan,nan,nan,nan,nan
Jc 4c 2c,0,nan,nan,nan,nan,nan,nan,nan,nan
Jc 4c 2d,0,12.47,-151.366,-674.207,87.53,1207.33,126.55,27.51,72.49
Jc 4c 3c,0,nan,nan,nan,nan,nan,nan,nan,nan
Jc 4c 3d,0,nan,nan,nan,nan,nan,nan,nan,nan
Jc 4d 4c,0,nan,nan,nan,nan,nan,nan,nan,nan
Jc 4d 2c,0,nan,nan,nan,nan,nan,nan,nan,nan
Jc 4d 3c,0,nan,nan,nan,nan,nan,nan,nan,nan
Jc 5c 2c,0,nan,nan,nan,nan,nan,nan,nan,nan
Jc 5c 2d,0,16.51,-104.836,-352.842,83.49,1161.81,127.661,26.40,73.60
Jc 5c 3c,0,nan,nan,nan,nan,nan,nan,nan,nan
Jc 5c 3d,0.00002,25.31,-17.8441,-39.1717,74.69,1075.45,132.095,25.71,74.29
Jc 5c 4c,0,nan,nan,nan,nan,nan,nan,nan,nan
Jc 5c 4d,0,nan,nan,nan,nan,nan,nan,nan,nan
Jc 5d 5c,0.00001,13.31,-69.601,-290.566,86.69,1134.86,120.098,17.30,82.70
Jc 5d 2c,0.00002,20.43,-55.7427,-151.547,79.56,1114.15,128.469,24.83,75.17
Jc 5d 3c,0,nan,nan,nan,nan,nan,nan,nan,nan
Jc 5d 4c,0,nan,nan,nan,nan,nan,nan,nan,nan
Jc 6c 2c,0,nan,nan,nan,nan,nan,nan,nan,nan
Jc 6c 2d,0.00003,19.92,-53.4844,-149.154,80.08,1112.1,127.407,24.59,75.41
Jc 6c 3c,0,nan,nan,nan,nan,nan,nan,nan,nan
Jc 6c 3d,0,nan,nan,nan,nan,nan,nan,nan,nan
Jc 6c 4c,0,nan,nan,nan,nan,nan,nan,nan,nan
Jc 6c 4d,0,nan,nan,nan,nan,nan,nan,nan,nan
Jc 6c 5c,0,nan,nan,nan,nan,nan,nan,nan,nan
Jc 6c 5d,0.00001,26.44,-3.32602,-6.98768,73.56,1062.78,132.556,23.68,76.32
Jc 6d 6c,0,13.66,-69.3655,-282.02,86.34,1134.49,120.554,17.45,82.55
Jc 6d 2c,0.00005,19.45,-57.0284,-162.879,80.55,1115.78,127.084,24.45,75.55
Jc 6d 3c,0.00002,20.13,-52.0426,-143.613,79.87,1111.03,127.621,24.20,75.80
Jc 6d 4c,0,nan,nan,nan,nan,nan,nan,nan,nan
Jc 6d 5c,0,nan,nan,nan,nan,nan,nan,nan,nan
Jc 7c 2c,0,nan,nan,nan,nan,nan,nan,nan,nan
Jc 7c 2d,0.00005,22.43,-42.9343,-106.329,77.57,1101.48,130.278,24.67,75.33
Jc 7c 3c,0,nan,nan,nan,nan,nan,nan,nan,nan
Jc 7c 3d,0,nan,nan,nan,nan,nan,nan,nan,nan
Jc 7c 4c,0,nan,nan,nan,nan,nan,nan,nan,nan
Jc 7c 4d,0,nan,nan,nan,nan,nan,nan,nan,nan
Jc 7c 5c,0,nan,nan,nan,nan,nan,nan,nan,nan
Jc 7c 5d,0,nan,nan,nan,nan,nan,nan,nan,nan
Jc 7c 6c,0,nan,nan,nan,nan,nan,nan,nan,nan
Jc 7c 6d,0,nan,nan,nan,nan,nan,nan,nan,nan
Jc 7d 7c,0,nan,nan,nan,nan,nan,nan,nan,nan
Jc 7d 2c,0.00003,21.31,-43.2842,-112.854,78.69,1103.81,128.688,22.50,77.50
Jc 7d 3c,0,nan,nan,nan,nan,nan,nan,nan,nan
Jc 7d 4c,0,nan,nan,nan,nan,nan,nan,nan,nan
Jc 7d 5c,0,nan,nan,nan,nan,nan,nan,nan,nan
Jc 7d 6c,0,nan,nan,nan,nan,nan,nan,nan,nan
Jc 8c 2c,0,nan,nan,nan,nan,nan,nan,nan,nan
Jc 8c 2d,0.00002,23.98,-39.8173,-92.2496,76.02,1099.13,132.644,23.83,76.17
Jc 8c 3c,0,nan,nan,nan,nan,nan,nan,nan,nan
Jc 8c 3d,0,nan,nan,nan,nan,nan,nan,nan,nan
Jc 8c 4c,0,nan,nan,nan,nan,nan,nan,nan,nan
Jc 8c 4d,0,nan,nan,nan,nan,nan,nan,nan,nan
Jc 8c 5c,0,nan,nan,nan,nan,nan,nan,nan,nan
Jc 8c 5d,0,nan,nan,nan,nan,nan,nan,nan,nan
Jc 8c 6c,0,nan,nan,nan,nan,nan,nan,nan,nan
Jc 8c 6d,0,nan,nan,nan,nan,nan,nan,nan,nan
Jc 8c 7c,0,nan,nan,nan,nan,nan,nan,nan,nan
Jc 8c 7d,0,nan,nan,nan,nan,nan,nan,nan,nan
Jc 8d 8c,0,nan,nan,nan,nan,nan,nan,nan,nan
Jc 8d 2c,0,nan,nan,nan,nan,nan,nan,nan,nan
Jc 8d 3c,0,nan,nan,nan,nan,nan,nan,nan,nan
Jc 8d 4c,0,nan,nan,nan,nan,nan,nan,nan,nan
Jc 8d 5c,0,nan,nan,nan,nan,nan,nan,nan,nan
Jc 8d 6c,0,24.90,-19.9089,-44.42,75.10,1081.51,132.119,21.32,78.68
Jc 8d 7c,0,18.52,-88.0957,-264.277,81.48,1143.82,128.789,27.78,72.22
Jc 9c 2c,0,nan,nan,nan,nan,nan,nan,nan,nan
Jc 9c 2d,0,nan,nan,nan,nan,nan,nan,nan,nan
Jc 9c 3c,0,nan,nan,nan,nan,nan,nan,nan,nan
Jc 9c 3d,0,nan,nan,nan,nan,nan,nan,nan,nan
Jc 9c 4c,0,nan,nan,nan,nan,nan,nan,nan,nan
Jc 9c 4d,0,nan,nan,nan,nan,nan,nan,nan,nan
Jc 9c 5c,0,nan,nan,nan,nan,nan,nan,nan,nan
Jc 9c 5d,0,nan,nan,nan,nan,nan,nan,nan,nan
Jc 9c 6c,0,nan,nan,nan,nan,nan,nan,nan,nan
Jc 9c 6d,0,nan,nan,nan,nan,nan,nan,nan,nan
Jc 9c 7c,0,nan,nan,nan,nan,nan,nan,nan,nan
Jc 9c 7d,0,18.96,-75.602,-221.498,81.04,1134.35,128.419,24.45,75.55
Jc 9c 8c,0,nan,nan,nan,nan,nan,nan,nan,nan
Jc 9c 8d,0,nan,nan,nan,nan,nan,nan,nan,nan
Jc 9d 9c,0,nan,nan,nan,nan,nan,nan,nan,nan
Jc 9d 2c,0,nan,nan,nan,nan,nan,nan,nan,nan
Jc 9d 3c,0,nan,nan,nan,nan,nan,nan,nan,nan
Jc 9d 4c,0,nan,nan,nan,nan,nan,nan,nan,nan
Jc 9d 5c,0,nan,nan,nan,nan,nan,nan,nan,nan
Jc 9d 6c,0,nan,nan,nan,nan,nan,nan,nan,nan
Jc 9d 7c,0,nan,nan,nan,nan,nan,nan,nan,nan
Jc 9d 8c,0,nan,nan,nan,nan,nan,nan,nan,nan
Jd Jc 2c,0,nan,nan,nan,nan,nan,nan,nan,nan
Jd Jc 3c,0,12.33,-87.1996,-392.909,87.67,1148.61,120.196,21.52,78.48
Jd Jc 4c,0,nan,nan,nan,nan,nan,nan,nan,nan
Jd Jc 5c,0,nan,nan,nan,nan,nan,nan,nan,nan
Jd Jc 6c,0,nan,nan,nan,nan,nan,nan,nan,nan
Jd Jc 7c,0,nan,nan,nan,nan,nan,nan,nan,nan
Jd Jc 8c,0,nan,nan,nan,nan,nan,nan,nan,nan
Jd Jc 9c,0,nan,nan,nan,nan,nan,nan,nan,nan
Jh Jd Jc,0,38.05,0.12104,0.17674,61.95,1080.08,159.948,0.88,99.12
Jd Jc Tc,0,31.62,17.6032,30.9297,68.38,1042.69,139.891,22.76,77.24
Jc Tc 2c,0,nan,nan,nan,nan,nan,nan,nan,nan
Jc Tc 2d,0.00003,38.95,39.8411,56.8218,61.05,1019.48,153.21,23.83,76.17
Jc Tc 3c,0,nan,nan,nan,nan,nan,nan,nan,nan
Jc Tc 3d,0.00007,37.96,40.1105,58.6957,62.04,1020.89,150.978,21.97,78.03
Jc Tc 4c,0,nan,nan,nan,nan,nan,nan,nan,nan
Jc Tc 4d,0.00001,37.00,35.1459,52.7712,63.00,1026.65,149.506,21.11,78.89
Jc Tc 5c,0,nan,nan,nan,nan,nan,nan,nan,nan
Jc Tc 5d,0.00002,39.65,27.5768,38.6377,60.35,1034.77,157.307,20.50,79.50
Jc Tc 6c,0,nan,nan,nan,nan,nan,nan,nan,nan
Jc Tc 6d,0.00002,36.45,34.7493,52.9665,63.55,1027.71,148.358,20.38,79.62
Jc Tc 7c,0,7.37,-127.342,-959.837,92.63,1187.35,117.598,23.07,76.93
Jc Tc 7d,0,nan,nan,nan,nan,nan,nan,nan,nan
Jc Tc 8c,0,nan,nan,nan,nan,nan,nan,nan,nan
Jc Tc 8d,0,nan,nan,nan,nan,nan,nan,nan,nan
Jc Tc 9c,0,9.53,-103.337,-602.195,90.46,1165.44,118.191,20.77,79.23
Jc Tc 9d,0,nan,nan,nan,nan,nan,nan,nan,nan
Jc Td Tc,0,26.79,39.3985,81.7082,73.21,1030.47,129.13,12.23,87.77
Jc Td 2c,0,nan,nan,nan,nan,nan,nan,nan,nan
Jc Td 3c,0,nan,nan,nan,nan,nan,nan,nan,nan
Jc Td 4c,0.00003,38.58,27.4267,39.494,61.42,1038.3,155.093,16.78,83.22
Jc Td 5c,0,55.13,74.3414,74.9198,44.87,988.507,202.1,19.95,80.05
Jc Td 6c,0,nan,nan,nan,nan,nan,nan,nan,nan
Jc Td 7c,0,nan,nan,nan,nan,nan,nan,nan,nan
Jc Td 8c,0,nan,nan,nan,nan,nan,nan,nan,nan
Jc Td 9c,0,nan,nan,nan,nan,nan,nan,nan,nan
Jd 3c 2c,0.00001,20.71,-54.6416,-146.577,79.29,1112.62,128.739,25.31,74.69
Jd 4c 2c,0,12.99,-143.69,-614.333,87.00,1199.5,126.482,27.69,72.31
Jd 4c 3c,0,nan,nan,nan,nan,nan,nan,nan,nan
Jd 5c 2c,0,nan,nan,nan,nan,nan,nan,nan,nan
Jd 5c 3c,0.00001,21.46,-41.3752,-107.135,78.55,1099.94,128.475,24.66,75.34
Jd 5c 4c,0,13.89,-135.184,-540.662,86.11,1190.22,126.81,28.53,71.47
Jd 6c 2c,0,nan,nan,nan,nan,nan,nan,nan,nan
Jd 6c 3c,0,nan,nan,nan,nan,nan,nan,nan,nan
Jd 6c 4c,0,nan,nan,nan,nan,nan,nan,nan,nan
Jd 6c 5c,0.00002,22.58,-36.0846,-88.7635,77.41,1095.54,129.834,23.67,76.33
Jd 7c 2c,0.00006,21.91,-43.0874,-109.267,78.09,1101.93,129.453,24.35,75.65
Jd 7c 3c,0,nan,nan,nan,nan,nan,nan,nan,nan
Jd 7c 4c,0,nan,nan,nan,nan,nan,nan,nan,nan
Jd 7c 5c,0,nan,nan,nan,nan,nan,nan,nan,nan
Jd 7c 6c,0,nan,nan,nan,nan,nan,nan,nan,nan
Jd 8c 2c,0,nan,nan,nan,nan,nan,nan,nan,nan
Jd 8c 3c,0,nan,nan,nan,nan,nan,nan,nan,nan
Jd 8c 4c,0.00001,24.31,-32.2016,-73.6022,75.69,1091.91,132.344,23.39,76.61
Jd 8c 5c,0,nan,nan,nan,nan,nan,nan,nan,nan
Jd 8c 6c,0,25.89,-20.9039,-44.8544,74.11,1079.98,133.696,24.09,75.91
Jd 8c 7c,0,nan,nan,nan,nan,nan,nan,nan,nan
Jd 9c 2c,0,nan,nan,nan,nan,nan,nan,nan,nan
Jd 9c 3c,0,nan,nan,nan,nan,nan,nan,nan,nan
Jd 9c 4c,0,nan,nan,nan,nan,nan,nan,nan,nan
Jd 9c 5c,0,nan,nan,nan,nan,nan,nan,nan,nan
Jd 9c 6c,0,nan,nan,nan,nan,nan,nan,nan,nan
Jd 9c 7c,0,nan,nan,nan,nan,nan,nan,nan,nan
Jd 9c 8c,0,nan,nan,nan,nan,nan,nan,nan,nan
Jh Jd 2c,0,nan,nan,nan,nan,nan,nan,nan,nan
Jh Jd 3c,0,nan,nan,nan,nan,nan,nan,nan,nan
Jh Jd 4c,0,nan,nan,nan,nan,nan,nan,nan,nan
Jh Jd 5c,0,nan,nan,nan,nan,nan,nan,nan,nan
Jh Jd 6c,0,nan,nan,nan,nan,nan,nan,nan,nan
Jh Jd 7c,0,nan,nan,nan,nan,nan,nan,nan,nan
Jh Jd 8c,0,nan,nan,nan,nan,nan,nan,nan,nan
Jh Jd 9c,0,nan,nan,nan,nan,nan,nan,nan,nan
Jh Jd Tc,0,32.02,135.21,234.598,67.98,931.086,125.655,16.16,83.84
Jd Tc 2c,0,nan,nan,nan,nan,nan,nan,nan,nan
Jd Tc 3c,0,nan,nan,nan,nan,nan,nan,nan,nan
Jd Tc 4c,0,nan,nan,nan,nan,nan,nan,nan,nan
Jd Tc 5c,0,54.81,72.0927,73.0791,45.19,992.006,201.375,18.57,81.43
Jd Tc 6c,0,nan,nan,nan,nan,nan,nan,nan,nan
Jd Tc 7c,0,nan,nan,nan,nan,nan,nan,nan,nan
Jd Tc 8c,0,nan,nan,nan,nan,nan,nan,nan,nan
Jd Tc 9c,0,nan,nan,nan,nan,nan,nan,nan,nan
Jh 2d 2c,0,nan,nan,nan,nan,nan,nan,nan,nan
Jh 3d 3c,0,nan,nan,nan,nan,nan,nan,nan,nan
Jh 3d 2c,0,nan,nan,nan,nan,nan,nan,nan,nan
Jh 4d 4c,0,nan,nan,nan,nan,nan,nan,nan,nan
Jh 4d 2c,0,nan,nan,nan,nan,nan,nan,nan,nan
Jh 4d 3c,0,nan,nan,nan,nan,nan,nan,nan,nan
Jh 5d 5c,0,nan,nan,nan,nan,nan,nan,nan,nan
Jh 5d 2c,0,9.44,-164.767,-969.675,90.56,1219.79,123.573,28.55,71.45
Jh 5d 3c,0,21.09,-44.9541,-118.395,78.91,1101.91,128.118,26.42,73.58
Jh 5d 4c,0,nan,nan,nan,nan,nan,nan,nan,nan
Jh 6d 6c,0,nan,nan,nan,nan,nan,nan,nan,nan
Jh 6d 2c,0,nan,nan,nan,nan,nan,nan,nan,nan
Jh 6d 3c,0.00002,15.07,-76.1029,-280.593,84.93,1135.55,122.659,23.69,76.31
Jh 6d 4c,0,16.34,-68.8992,-234.292,83.66,1129.53,123.862,22.39,77.61
Jh 6d 5c,0.00003,22.84,-24.0217,-58.4228,77.16,1082.81,128.751,24.40,75.60
Jh 7d 7c,0,nan,nan,nan,nan,nan,nan,nan,nan
Jh 7d 2c,0.00003,16.63,-69.0179,-230.566,83.37,1128.89,124.228,23.22,76.78
Jh 7d 3c,0,nan,nan,nan,nan,nan,nan,nan,nan
Jh 7d 4c,0,nan,nan,nan,nan,nan,nan,nan,nan
Jh 7d 5c,0,nan,nan,nan,nan,nan,nan,nan,nan
Jh 7d 6c,0.00001,24.86,-10.0867,-22.5401,75.14,1071.03,130.77,22.05,77.95
Jh 8d 8c,0,nan,nan,nan,nan,nan,nan,nan,nan
Jh 8d 2c,0,18.23,-68.7507,-209.504,81.77,1130.35,126.823,21.32,78.68
Jh 8d 3c,0,nan,nan,nan,nan,nan,nan,nan,nan
Jh 8d 4c,0,nan,nan,nan,nan,nan,nan,nan,nan
Jh 8d 5c,0,20.89,-56.0772,-149.163,79.11,1118.21,129.673,20.73,79.27
Jh 8d 6c,0,nan,nan,nan,nan,nan,nan,nan,nan
Jh 8d 7c,0,nan,nan,nan,nan,nan,nan,nan,nan
Jh 9d 9c,0,nan,nan,nan,nan,nan,nan,nan,nan
Jh 9d 2c,0,nan,nan,nan,nan,nan,nan,nan,nan
Jh 9d 3c,0,nan,nan,nan,nan,nan,nan,nan,nan
Jh 9d 4c,0,nan,nan,nan,nan,nan,nan,nan,nan
Jh 9d 5c,0,nan,nan,nan,nan,nan,nan,nan,nan
Jh 9d 6c,0,nan,nan,nan,nan,nan,nan,nan,nan
Jh 9d 7c,0,nan,nan,nan,nan,nan,nan,nan,nan
Jh 9d 8c,0,nan,nan,nan,nan,nan,nan,nan,nan
Jh Td Tc,0,37.08,95.7469,143.463,62.92,975.007,142.16,11.26,88.74
Jh Td 2c,0.00001,37.48,42.8518,63.5187,62.52,1028.23,150.884,10.90,89.10
Jh Td 3c,0,39.75,55.3146,77.3018,60.25,1004.57,152.976,23.21,76.79
Jh Td 4c,0,26.31,-9.82889,-20.7577,73.70,1086.94,135.313,4.28,95.72
Jh Td 5c,0,36.12,72.7374,111.87,63.88,995.992,143.047,13.48,86.52
Jh Td 6c,0,40.63,55.3491,75.6864,59.37,1009.67,156.016,17.56,82.44
Jh Td 7c,0,nan,nan,nan,nan,nan,nan,nan,nan
Jh Td 8c,0,nan,nan,nan,nan,nan,nan,nan,nan
Jh Td 9c,0,nan,nan,nan,nan,nan,nan,nan,nan
Kc 2d 2c,0,nan,nan,nan,nan,nan,nan,nan,nan
Kc 3c 2c,0,nan,nan,nan,nan,nan,nan,nan,nan
Kc 3c 2d,0.00001,15.43,-116.897,-420.933,84.57,1175.43,127.509,24.68,75.32
Kc 3d 3c,0,nan,nan,nan,nan,nan,nan,nan,nan
Kc 3d 2c,0,nan,nan,nan,nan,nan,nan,nan,nan
Kc 4c 2c,0,nan,nan,nan,nan,nan,nan,nan,nan
Kc 4c 2d,0.00001,21.44,-34.6602,-89.8082,78.56,1095.25,127.906,22.43,77.57
Kc 4c 3c,0,nan,nan,nan,nan,nan,nan,nan,nan
Kc 4c 3d,0.00005,37.64,34.9423,51.5729,62.36,1022.79,150.477,25.56,74.44
Kc 4d 4c,0,nan,nan,nan,nan,nan,nan,nan,nan
Kc 4d 2c,0,nan,nan,nan,nan,nan,nan,nan,nan
Kc 4d 3c,0,nan,nan,nan,nan,nan,nan,nan,nan
Kc 5c 2c,0,nan,nan,nan,nan,nan,nan,nan,nan
Kc 5c 2d,0,12.19,-149.432,-680.842,87.81,1206.85,126.096,25.91,74.09
Kc 5c 3c,0,nan,nan,nan,nan,nan,nan,nan,nan
Kc 5c 3d,0.00037,35.61,30.7765,48.0153,64.39,1028.27,146.509,24.12,75.88
Kc 5c 4c,0,nan,nan,nan,nan,nan,nan,nan,nan
Kc 5c 4d,0,nan,nan,nan,nan,nan,nan,nan,nan
Kc 5d 5c,0.00001,13.55,-63.0915,-258.692,86.45,1130.26,119.944,15.20,84.80
Kc 5d 2c,0.00001,19.73,-33.3833,-94.0226,80.28,1096.49,125.313,19.67,80.33
Kc 5d 3c,0,nan,nan,nan,nan,nan,nan,nan,nan
Kc 5d 4c,0,nan,nan,nan,nan,nan,nan,nan,nan
Kc 6c 2c,0,nan,nan,nan,nan,nan,nan,nan,nan
Kc 6c 2d,0.00001,19.61,-36.607,-103.694,80.39,1099.09,125.434,20.35,79.65
Kc 6c 3c,0,nan,nan,nan,nan,nan,nan,nan,nan
Kc 6c 3d,0.00045,36.48,31.6357,48.1749,63.52,1027.15,148.36,24.40,75.60
Kc 6c 4c,0,nan,nan,nan,nan,nan,nan,nan,nan
Kc 6c 4d,0,nan,nan,nan,nan,nan,nan,nan,nan
Kc 6c 5c,0,nan,nan,nan,nan,nan,nan,nan,nan
Kc 6c 5d,0.00027,37.87,38.909,57.0825,62.13,1021.78,150.874,22.32,77.68
Kc 6d 6c,0,nan,nan,nan,nan,nan,nan,nan,nan
Kc 6d 2c,0,nan,nan,nan,nan,nan,nan,nan,nan
Kc 6d 3c,0,nan,nan,nan,nan,nan,nan,nan,nan
Kc 6d 4c,0,nan,nan,nan,nan,nan,nan,nan,nan
Kc 6d 5c,0,nan,nan,nan,nan,nan,nan,nan,nan
Kc 7c 2c,0,nan,nan,nan,nan,nan,nan,nan,nan
Kc 7c 2d,0,nan,nan,nan,nan,nan,nan,nan,nan
Kc 7c 3c,0,nan,nan,nan,nan,nan,nan,nan,nan
Kc 7c 3d,0.00001,21.08,-30.2125,-79.6078,78.91,1092.29,126.985,20.80,79.20
Kc 7c 4c,0,nan,nan,nan,nan,nan,nan,nan,nan
Kc 7c 4d,0,nan,nan,nan,nan,nan,nan,nan,nan
Kc 7c 5c,0,nan,nan,nan,nan,nan,nan,nan,nan
Kc 7c 5d,0,nan,nan,nan,nan,nan,nan,nan,nan
Kc 7c 6c,0,nan,nan,nan,nan,nan,nan,nan,nan
Kc 7c 6d,0,nan,nan,nan,nan,nan,nan,nan,nan
Kc 7d 7c,0,nan,nan,nan,nan,nan,nan,nan,nan
Kc 7d 2c,0,nan,nan,nan,nan,nan,nan,nan,nan
Kc 7d 3c,0,nan,nan,nan,nan,nan,nan,nan,nan
Kc 7d 4c,0,nan,nan,nan,nan,nan,nan,nan,nan
Kc 7d 5c,0,nan,nan,nan,nan,nan,nan,nan,nan
Kc 7d 6c,0,nan,nan,nan,nan,nan,nan,nan,nan
Kc 8c 2c,0,nan,nan,nan,nan,nan,nan,nan,nan
Kc 8c 2d,0,nan,nan,nan,nan,nan,nan,nan,nan
Kc 8c 3c,0,nan,nan,nan,nan,nan,nan,nan,nan
Kc 8c 3d,0,nan,nan,nan,nan,nan,nan,nan,nan
Kc 8c 4c,0,nan,nan,nan,nan,nan,nan,nan,nan
Kc 8c 4d,0.00003,20.93,-34.7354,-92.1846,79.07,1096.56,127.236,21.08,78.92
Kc 8c 5c,0,nan,nan,nan,nan,nan,nan,nan,nan
Kc 8c 5d,0.00002,22.20,-29.5526,-73.96,77.80,1091,128.65,21.49,78.51
Kc 8c 6c,0,nan,nan,nan,nan,nan,nan,nan,nan
Kc 8c 6d,0,nan,nan,nan,nan,nan,nan,nan,nan
Kc 8c 7c,0,nan,nan,nan,nan,nan,nan,nan,nan
Kc 8c 7d,0.00001,17.73,-85.9802,-269.357,82.26,1144.97,127.689,24.19,75.81
Kc 8d 8c,0,nan,nan,nan,nan,nan,nan,nan,nan
Kc 8d 2c,0,nan,nan,nan,nan,nan,nan,nan,nan
Kc 8d 3c,0,nan,nan,nan,nan,nan,nan,nan,nan
Kc 8d 4c,0.00001,19.10,-38.0225,-110.582,80.90,1102.08,124.983,18.62,81.38
Kc 8d 5c,0,nan,nan,nan,nan,nan,nan,nan,nan
Kc 8d 6c,0,nan,nan,nan,nan,nan,nan,nan,nan
Kc 8d 7c,0,nan,nan,nan,nan,nan,nan,nan,nan
Kc 9c 2c,0,nan,nan,nan,nan,nan,nan,nan,nan
Kc 9c 2d,0,nan,nan,nan,nan,nan,nan,nan,nan
Kc 9c 3c,0,nan,nan,nan,nan,nan,nan,nan,nan
Kc 9c 3d,0,13.88,-127.528,-510.478,86.12,1185.21,126.26,25.61,74.39
Kc 9c 4c,0,nan,nan,nan,nan,nan,nan,nan,nan
Kc 9c 4d,0,nan,nan,nan,nan,nan,nan,nan,nan
Kc 9c 5c,0,nan,nan,nan,nan,nan,nan,nan,nan
Kc 9c 5d,0,nan,nan,nan,nan,nan,nan,nan,nan
Kc 9c 6c,0,nan,nan,nan,nan,nan,nan,nan,nan
Kc 9c 6d,0,16.63,-119.451,-398.943,83.37,1175.23,129.331,27.72,72.28
Kc 9c 7c,0,nan,nan,nan,nan,nan,nan,nan,nan
Kc 9c 7d,0,nan,nan,nan,nan,nan,nan,nan,nan
Kc 9c 8c,0,7.70,-123.548,-891.605,92.30,1183.47,117.63,23.16,76.84
Kc 9c 8d,0,17.12,-87.7446,-284.66,82.87,1146.42,126.911,24.54,75.46
Kc 9d 9c,0,nan,nan,nan,nan,nan,nan,nan,nan
Kc 9d 2c,0,nan,nan,nan,nan,nan,nan,nan,nan
Kc 9d 3c,0,nan,nan,nan,nan,nan,nan,nan,nan
Kc 9d 4c,0,nan,nan,nan,nan,nan,nan,nan,nan
Kc 9d 5c,0,nan,nan,nan,nan,nan,nan,nan,nan
Kc 9d 6c,0,nan,nan,nan,nan,nan,nan,nan,nan
Kc 9d 7c,0,nan,nan,nan,nan,nan,nan,nan,nan
Kc 9d 8c,0,nan,nan,nan,nan,nan,nan,nan,nan
Kc Jc 2c,0.00001,14.77,-56.1365,-211.195,85.23,1109.55,119.429,30.31,69.69
Kc Jc 2d,0,40.16,44.5949,61.6975,59.84,1014.49,155.523,24.09,75.91
Kc Jc 3c,0,nan,nan,nan,nan,nan,nan,nan,nan
Kc Jc 3d,0,nan,nan,nan,nan,nan,nan,nan,nan
Kc Jc 4c,0,nan,nan,nan,nan,nan,nan,nan,nan
Kc Jc 4d,0,nan,nan,nan,nan,nan,nan,nan,nan
Kc Jc 5c,0,nan,nan,nan,nan,nan,nan,nan,nan
Kc Jc 5d,0,nan,nan,nan,nan,nan,nan,nan,nan
Kc Jc 6c,0,nan,nan,nan,nan,nan,nan,nan,nan
Kc Jc 6d,0,nan,nan,nan,nan,nan,nan,nan,nan
Kc Jc 7c,0,nan,nan,nan,nan,nan,nan,nan,nan
Kc Jc 7d,0,nan,nan,nan,nan,nan,nan,nan,nan
Kc Jc 8c,0,20.94,-4.04476,-10.7333,79.06,1057.96,122.761,29.77,70.23
Kc Jc 8d,0,nan,nan,nan,nan,nan,nan,nan,nan
Kc Jc 9c,0,nan,nan,nan,nan,nan,nan,nan,nan
Kc Jc 9d,0,nan,nan,nan,nan,nan,nan,nan,nan
Kc Jd Jc,0,nan,nan,nan,nan,nan,nan,nan,nan
Kc Jc Tc,0,nan,nan,nan,nan,nan,nan,nan,nan
Kc Jc Td,0,nan,nan,nan,nan,nan,nan,nan,nan
Kc Jd 2c,0,nan,nan,nan,nan,nan,nan,nan,nan
Kc Jd 3c,0,nan,nan,nan,nan,nan,nan,nan,nan
Kc Jd 4c,0,nan,nan,nan,nan,nan,nan,nan,nan
Kc Jd 5c,0,nan,nan,nan,nan,nan,nan,nan,nan
Kc Jd 6c,0,nan,nan,nan,nan,nan,nan,nan,nan
Kc Jd 7c,0,nan,nan,nan,nan,nan,nan,nan,nan
Kc Jd 8c,0,nan,nan,nan,nan,nan,nan,nan,nan
Kc Jd 9c,0,nan,nan,nan,nan,nan,nan,nan,nan
Kc Jd Tc,0,17.72,-65.0654,-203.957,82.28,1118.87,124.76,29.89,70.11
Kd Kc 2c,0,nan,nan,nan,nan,nan,nan,nan,nan
Kd Kc 3c,0,nan,nan,nan,nan,nan,nan,nan,nan
Kd Kc 4c,0,nan,nan,nan,nan,nan,nan,nan,nan
Kd Kc 5c,0,nan,nan,nan,nan,nan,nan,nan,nan
Kd Kc 6c,0,nan,nan,nan,nan,nan,nan,nan,nan
Kd Kc 7c,0,nan,nan,nan,nan,nan,nan,nan,nan
Kd Kc 8c,0,15.13,-47.8638,-175.728,84.87,1110.69,120.065,19.97,80.03
Kd Kc 9c,0,nan,nan,nan,nan,nan,nan,nan,nan
Kd Kc Jc,0,nan,nan,nan,nan,nan,nan,nan,nan
Kh Kd Kc,0,44.32,169.942,213.036,55.68,887.961,146.301,25.38,74.62
Kd Kc Qc,0,nan,nan,nan,nan,nan,nan,nan,nan
Kd Kc Tc,0,52.71,128.799,135.742,47.29,932.821,180.985,21.30,78.70
Kc Qc 2c,0,nan,nan,nan,nan,nan,nan,nan,nan
Kc Qc 2d,0,nan,nan,nan,nan,nan,nan,nan,nan
Kc Qc 3c,0,nan,nan,nan,nan,nan,nan,nan,nan
Kc Qc 3d,0,nan,nan,nan,nan,nan,nan,nan,nan
Kc Qc 4c,0,nan,nan,nan,nan,nan,nan,nan,nan
Kc Qc 4d,0,nan,nan,nan,nan,nan,nan,nan,nan
Kc Qc 5c,0,nan,nan,nan,nan,nan,nan,nan,nan
Kc Qc 5d,0,nan,nan,nan,nan,nan,nan,nan,nan
Kc Qc 6c,0,nan,nan,nan,nan,nan,nan,nan,nan
Kc Qc 6d,0,nan,nan,nan,nan,nan,nan,nan,nan
Kc Qc 7c,0,nan,nan,nan,nan,nan,nan,nan,nan
Kc Qc 7d,0,nan,nan,nan,nan,nan,nan,nan,nan
Kc Qc 8c,0,nan,nan,nan,nan,nan,nan,nan,nan
Kc Qc 8d,0,nan,nan,nan,nan,nan,nan,nan,nan
Kc Qc 9c,0,9.71,-101.289,-579.637,90.29,1161.95,118.059,22.36,77.64
Kc Qc 9d,0,35.63,31.0087,48.353,64.37,1026.12,146.241,26.24,73.76
Kc Qc Jc,0,nan,nan,nan,nan,nan,nan,nan,nan
Kc Qc Jd,0,nan,nan,nan,nan,nan,nan,nan,nan
Kc Qd Qc,0,nan,nan,nan,nan,nan,nan,nan,nan
Kc Qc Tc,0,nan,nan,nan,nan,nan,nan,nan,nan
Kc Qc Td,0,nan,nan,nan,nan,nan,nan,nan,nan
Kc Qd 2c,0,nan,nan,nan,nan,nan,nan,nan,nan
Kc Qd 3c,0,nan,nan,nan,nan,nan,nan,nan,nan
Kc Qd 4c,0,nan,nan,nan,nan,nan,nan,nan,nan
Kc Qd 5c,0,nan,nan,nan,nan,nan,nan,nan,nan
Kc Qd 6c,0,nan,nan,nan,nan,nan,nan,nan,nan
Kc Qd 7c,0,nan,nan,nan,nan,nan,nan,nan,nan
Kc Qd 8c,0,nan,nan,nan,nan,nan,nan,nan,nan
Kc Qd 9c,0,nan,nan,nan,nan,nan,nan,nan,nan
Kc Qd Jc,0,nan,nan,nan,nan,nan,nan,nan,nan
Kc Qd Tc,0,nan,nan,nan,nan,nan,nan,nan,nan
Kc Tc 2c,0,nan,nan,nan,nan,nan,nan,nan,nan
Kc Tc 2d,0,nan,nan,nan,nan,nan,nan,nan,nan
Kc Tc 3c,0,nan,nan,nan,nan,nan,nan,nan,nan
Kc Tc 3d,0,nan,nan,nan,nan,nan,nan,nan,nan
Kc Tc 4c,0,nan,nan,nan,nan,nan,nan,nan,nan
Kc Tc 4d,0,nan,nan,nan,nan,nan,nan,nan,nan
Kc Tc 5c,0,nan,nan,nan,nan,nan,nan,nan,nan
Kc Tc 5d,0,nan,nan,nan,nan,nan,nan,nan,nan
Kc Tc 6c,0,nan,nan,nan,nan,nan,nan,nan,nan
Kc Tc 6d,0,nan,nan,nan,nan,nan,nan,nan,nan
Kc Tc 7c,0,nan,nan,nan,nan,nan,nan,nan,nan
Kc Tc 7d,0,nan,nan,nan,nan,nan,nan,nan,nan
Kc Tc 8c,0,nan,nan,nan,nan,nan,nan,nan,nan
Kc Tc 8d,0,nan,nan,nan,nan,nan,nan,nan,nan
Kc Tc 9c,0,nan,nan,nan,nan,nan,nan,nan,nan
Kc Tc 9d,0,nan,nan,nan,nan,nan,nan,nan,nan
Kc Td Tc,0,nan,nan,nan,nan,nan,nan,nan,nan
Kc Td 2c,0,nan,nan,nan,nan,nan,nan,nan,nan
Kc Td 3c,0,nan,nan,nan,nan,nan,nan,nan,nan
Kc Td 4c,0,nan,nan,nan,nan,nan,nan,nan,nan
Kc Td 5c,0,nan,nan,nan,nan,nan,nan,nan,nan
Kc Td 6c,0,nan,nan,nan,nan,nan,nan,nan,nan
Kc Td 7c,0,nan,nan,nan,nan,nan,nan,nan,nan
Kc Td 8c,0,nan,nan,nan,nan,nan,nan,nan,nan
Kc Td 9c,0,nan,nan,nan,nan,nan,nan,nan,nan
Kd 3c 2c,0.00002,27.19,-7.42292,-15.1691,72.81,1066.56,134.383,24.02,75.98
Kd 4c 2c,0,18.50,-37.5285,-112.687,81.50,1100.51,123.885,19.80,80.20
Kd 4c 3c,0,nan,nan,nan,nan,nan,nan,nan,nan
Kd 5c 2c,0,nan,nan,nan,nan,nan,nan,nan,nan
Kd 5c 3c,0,nan,nan,nan,nan,nan,nan,nan,nan
Kd 5c 4c,0,nan,nan,nan,nan,nan,nan,nan,nan
Kd 6c 2c,0.00001,25.10,-11.0298,-24.4121,74.90,1070.37,131.11,23.80,76.20
Kd 6c 3c,0.00001,17.62,-39.249,-123.731,82.38,1102.58,122.794,19.42,80.58
Kd 6c 4c,0,nan,nan,nan,nan,nan,nan,nan,nan
Kd 6c 5c,0,nan,nan,nan,nan,nan,nan,nan,nan
Kd 7c 2c,0,nan,nan,nan,nan,nan,nan,nan,nan
Kd 7c 3c,0,17.79,-37.4747,-116.998,82.20,1101.43,122.924,18.73,81.27
Kd 7c 4c,0,nan,nan,nan,nan,nan,nan,nan,nan
Kd 7c 5c,0,nan,nan,nan,nan,nan,nan,nan,nan
Kd 7c 6c,0,nan,nan,nan,nan,nan,nan,nan,nan
Kd 8c 2c,0,nan,nan,nan,nan,nan,nan,nan,nan
Kd 8c 3c,0.00001,16.79,-42.4349,-140.406,83.21,1106.19,121.963,18.95,81.05
Kd 8c 4c,0.00001,17.54,-41.813,-132.431,82.46,1106.31,123.087,18.14,81.86
Kd 8c 5c,0.00003,18.68,-37.3937,-111.19,81.32,1101.46,124.268,18.61,81.39
Kd 8c 6c,0,nan,nan,nan,nan,nan,nan,nan,nan
Kd 8c 7c,0,nan,nan,nan,nan,nan,nan,nan,nan
Kd 9c 2c,0,nan,nan,nan,nan,nan,nan,nan,nan
Kd 9c 3c,0,nan,nan,nan,nan,nan,nan,nan,nan
Kd 9c 4c,0,nan,nan,nan,nan,nan,nan,nan,nan
Kd 9c 5c,0,nan,nan,nan,nan,nan,nan,nan,nan
Kd 9c 6c,0,17.19,-110.672,-357.692,82.81,1167.29,129.319,26.79,73.21
Kd 9c 7c,0,19.76,-78.79,-221.463,80.23,1136.52,129.954,25.57,74.43
Kd 9c 8c,0,nan,nan,nan,nan,nan,nan,nan,nan
Kd Jc 2c,0,nan,nan,nan,nan,nan,nan,nan,nan
Kd Jc 3c,0,nan,nan,nan,nan,nan,nan,nan,nan
Kd Jc 4c,0,nan,nan,nan,nan,nan,nan,nan,nan
Kd Jc 5c,0,nan,nan,nan,nan,nan,nan,nan,nan
Kd Jc 6c,0,nan,nan,nan,nan,nan,nan,nan,nan
Kd Jc 7c,0,nan,nan,nan,nan,nan,nan,nan,nan
Kd Jc 8c,0,nan,nan,nan,nan,nan,nan,nan,nan
Kd Jc 9c,0,nan,nan,nan,nan,nan,nan,nan,nan
Kd Jc Tc,0,nan,nan,nan,nan,nan,nan,nan,nan
Kh Kd 2c,0,nan,nan,nan,nan,nan,nan,nan,nan
Kh Kd 3c,0,7.79,-91.7392,-654.011,92.21,1153.49,114.771,21.16,78.84
Kh Kd 4c,0,7.32,-90.8924,-689.736,92.68,1153.53,114.187,20.18,79.82
Kh Kd 5c,0,nan,nan,nan,nan,nan,nan,nan,nan
Kh Kd 6c,0,nan,nan,nan,nan,nan,nan,nan,nan
Kh Kd 7c,0,nan,nan,nan,nan,nan,nan,nan,nan
Kh Kd 8c,0,nan,nan,nan,nan,nan,nan,nan,nan
Kh Kd 9c,0,nan,nan,nan,nan,nan,nan,nan,nan
Kh Kd Jc,0,28.76,62.9811,121.663,71.24,1004.79,129.396,14.54,85.46
Kh Kd Qc,0,nan,nan,nan,nan,nan,nan,nan,nan
Kh Kd Tc,0,nan,nan,nan,nan,nan,nan,nan,nan
Kd Qc 2c,0,18.00,-119.451,-368.651,82.00,1177.84,131.78,24.85,75.15
Kd Qc 3c,0,18.03,-114.023,-351.362,81.97,1172.38,131.213,24.88,75.12
Kd Qc 4c,0,nan,nan,nan,nan,nan,nan,nan,nan
Kd Qc 5c,0,nan,nan,nan,nan,nan,nan,nan,nan
Kd Qc 6c,0,nan,nan,nan,nan,nan,nan,nan,nan
Kd Qc 7c,0,nan,nan,nan,nan,nan,nan,nan,nan
Kd Qc 8c,0,nan,nan,nan,nan,nan,nan,nan,nan
Kd Qc 9c,0,nan,nan,nan,nan,nan,nan,nan,nan
Kd Qc Jc,0,nan,nan,nan,nan,nan,nan,nan,nan
Kd Qc Tc,0,20.50,-64.408,-174.552,79.50,1117.05,128.907,31.16,68.84
Kd Tc 2c,0,nan,nan,nan,nan,nan,nan,nan,nan
Kd Tc 3c,0,nan,nan,nan,nan,nan,nan,nan,nan
Kd Tc 4c,0,nan,nan,nan,nan,nan,nan,nan,nan
Kd Tc 5c,0,nan,nan,nan,nan,nan,nan,nan,nan
Kd Tc 6c,0,nan,nan,nan,nan,nan,nan,nan,nan
Kd Tc 7c,0,nan,nan,nan,nan,nan,nan,nan,nan
Kd Tc 8c,0,nan,nan,nan,nan,nan,nan,nan,nan
Kd Tc 9c,0,nan,nan,nan,nan,nan,nan,nan,nan
Kh 2d 2c,0,nan,nan,nan,nan,nan,nan,nan,nan
Kh 3d 3c,0,nan,nan,nan,nan,nan,nan,nan,nan
Kh 3d 2c,0,nan,nan,nan,nan,nan,nan,nan,nan
Kh 4d 4c,0,nan,nan,nan,nan,nan,nan,nan,nan
Kh 4d 2c,0,21.74,-28.7401,-73.4331,78.26,1086.63,127.389,25.40,74.60
Kh 4d 3c,0,nan,nan,nan,nan,nan,nan,nan,nan
Kh 5d 5c,0,nan,nan,nan,nan,nan,nan,nan,nan
Kh 5d 2c,0,nan,nan,nan,nan,nan,nan,nan,nan
Kh 5d 3c,0,nan,nan,nan,nan,nan,nan,nan,nan
Kh 5d 4c,0,nan,nan,nan,nan,nan,nan,nan,nan
Kh 6d 6c,0,nan,nan,nan,nan,nan,nan,nan,nan
Kh 6d 2c,0,nan,nan,nan,nan,nan,nan,nan,nan
Kh 6d 3c,0,nan,nan,nan,nan,nan,nan,nan,nan
Kh 6d 4c,0,nan,nan,nan,nan,nan,nan,nan,nan
Kh 6d 5c,0,nan,nan,nan,nan,nan,nan,nan,nan
Kh 7d 7c,0,nan,nan,nan,nan,nan,nan,nan,nan
Kh 7d 2c,0,nan,nan,nan,nan,nan,nan,nan,nan
Kh 7d 3c,0,nan,nan,nan,nan,nan,nan,nan,nan
Kh 7d 4c,0,nan,nan,nan,nan,nan,nan,nan,nan
Kh 7d 5c,0,nan,nan,nan,nan,nan,nan,nan,nan
Kh 7d 6c,0,nan,nan,nan,nan,nan,nan,nan,nan
Kh 8d 8c,0,nan,nan,nan,nan,nan,nan,nan,nan
Kh 8d 2c,0,nan,nan,nan,nan,nan,nan,nan,nan
Kh 8d 3c,0,nan,nan,nan,nan,nan,nan,nan,nan
Kh 8d 4c,0,nan,nan,nan,nan,nan,nan,nan,nan
Kh 8d 5c,0,nan,nan,nan,nan,nan,nan,nan,nan
Kh 8d 6c,0,nan,nan,nan,nan,nan,nan,nan,nan
Kh 8d 7c,0,nan,nan,nan,nan,nan,nan,nan,nan
Kh 9d 9c,0,44.48,45.6792,57.0566,55.52,1027.04,169.704,9.10,90.90
Kh 9d 2c,0,nan,nan,nan,nan,nan,nan,nan,nan
Kh 9d 3c,0,nan,nan,nan,nan,nan,nan,nan,nan
Kh 9d 4c,0,nan,nan,nan,nan,nan,nan,nan,nan
Kh 9d 5c,0,nan,nan,nan,nan,nan,nan,nan,nan
Kh 9d 6c,0,nan,nan,nan,nan,nan,nan,nan,nan
Kh 9d 7c,0.00001,21.00,-49.6177,-131.294,79.01,1112.53,129.189,19.88,80.12
Kh 9d 8c,0,nan,nan,nan,nan,nan,nan,nan,nan
Kh Jd Jc,0,nan,nan,nan,nan,nan,nan,nan,nan
Kh Jd 2c,0,nan,nan,nan,nan,nan,nan,nan,nan
Kh Jd 3c,0,nan,nan,nan,nan,nan,nan,nan,nan
Kh Jd 4c,0,48.11,107.057,123.636,51.89,959.875,169.694,15.46,84.54
Kh Jd 5c,0,nan,nan,nan,nan,nan,nan,nan,nan
Kh Jd 6c,0,31.72,26.9391,47.1806,68.28,1045.69,140.504,9.20,90.80
Kh Jd 7c,0,nan,nan,nan,nan,nan,nan,nan,nan
Kh Jd 8c,0,nan,nan,nan,nan,nan,nan,nan,nan
Kh Jd 9c,0,nan,nan,nan,nan,nan,nan,nan,nan
Kh Jd Tc,0,nan,nan,nan,nan,nan,nan,nan,nan
Kh Qd Qc,0,26.35,137.459,289.802,73.65,928.397,115.648,16.64,83.36
Kh Qd 2c,0,nan,nan,nan,nan,nan,nan,nan,nan
Kh Qd 3c,0,nan,nan,nan,nan,nan,nan,nan,nan
Kh Qd 4c,0,nan,nan,nan,nan,nan,nan,nan,nan
Kh Qd 5c,0,nan,nan,nan,nan,nan,nan,nan,nan
Kh Qd 6c,0,43.34,86.6301,111.054,56.66,982.732,159.116,12.79,87.21
Kh Qd 7c,0,nan,nan,nan,nan,nan,nan,nan,nan
Kh Qd 8c,0,nan,nan,nan,nan,nan,nan,nan,nan
Kh Qd 9c,0,nan,nan,nan,nan,nan,nan,nan,nan
Kh Qd Jc,0,nan,nan,nan,nan,nan,nan,nan,nan
Kh Qd Tc,0,nan,nan,nan,nan,nan,nan,nan,nan
Kh Td Tc,0,27.20,84.2466,172.103,72.80,981.9,123.732,16.32,83.68
Kh Td 2c,0,nan,nan,nan,nan,nan,nan,nan,nan
Kh Td 3c,0,nan,nan,nan,nan,nan,nan,nan,nan
Kh Td 4c,0,33.10,6.05158,10.156,66.90,1070.42,146.799,4.97,95.03
Kh Td 5c,0,41.64,66.3638,88.5419,58.36,994.065,156.268,22.60,77.40
Kh Td 6c,0,nan,nan,nan,nan,nan,nan,nan,nan
Kh Td 7c,0,nan,nan,nan,nan,nan,nan,nan,nan
Kh Td 8c,0,nan,nan,nan,nan,nan,nan,nan,nan
Kh Td 9c,0,nan,nan,nan,nan,nan,nan,nan,nan
Qc 2d 2c,0,nan,nan,nan,nan,nan,nan,nan,nan
Qc 3c 2c,0,nan,nan,nan,nan,nan,nan,nan,nan
Qc 3c 2d,0.00001,21.02,-47.2651,-124.895,78.98,1107.16,128.613,23.19,76.81
Qc 3d 3c,0,nan,nan,nan,nan,nan,nan,nan,nan
Qc 3d 2c,0,nan,nan,nan,nan,nan,nan,nan,nan
Qc 4c 2c,0,nan,nan,nan,nan,nan,nan,nan,nan
Qc 4c 2d,0,nan,nan,nan,nan,nan,nan,nan,nan
Qc 4c 3c,0,nan,nan,nan,nan,nan,nan,nan,nan
Qc 4c 3d,0.00001,14.49,-129.102,-494.893,85.51,1186.04,127.256,26.45,73.55
Qc 4d 4c,0,nan,nan,nan,nan,nan,nan,nan,nan
Qc 4d 2c,0,nan,nan,nan,nan,nan,nan,nan,nan
Qc 4d 3c,0,nan,nan,nan,nan,nan,nan,nan,nan
Qc 5c 2c,0,nan,nan,nan,nan,nan,nan,nan,nan
Qc 5c 2d,0,nan,nan,nan,nan,nan,nan,nan,nan
Qc 5c 3c,0,nan,nan,nan,nan,nan,nan,nan,nan
Qc 5c 3d,0.00033,37.15,34.4115,51.4629,62.85,1024,149.471,24.83,75.17
Qc 5c 4c,0,nan,nan,nan,nan,nan,nan,nan,nan
Qc 5c 4d,0.0001,35.99,29.4592,45.4717,64.01,1028.66,147.439,25.14,74.86
Qc 5d 5c,0,nan,nan,nan,nan,nan,nan,nan,nan
Qc 5d 2c,0,nan,nan,nan,nan,nan,nan,nan,nan
Qc 5d 3c,0.00001,25.20,-9.41239,-20.7474,74.80,1068.99,131.12,23.54,76.46
Qc 5d 4c,0,nan,nan,nan,nan,nan,nan,nan,nan
Qc 6c 2c,0,nan,nan,nan,nan,nan,nan,nan,nan
Qc 6c 2d,0,nan,nan,nan,nan,nan,nan,nan,nan
Qc 6c 3c,0,nan,nan,nan,nan,nan,nan,nan,nan
Qc 6c 3d,0.00002,20.14,-44.4988,-122.764,79.86,1104.82,126.918,22.72,77.28
Qc 6c 4c,0,nan,nan,nan,nan,nan,nan,nan,nan
Qc 6c 4d,0,nan,nan,nan,nan,nan,nan,nan,nan
Qc 6c 5c,0,nan,nan,nan,nan,nan,nan,nan,nan
Qc 6c 5d,0.00001,26.71,3.35432,6.97794,73.29,1057.21,132.331,22.46,77.54
Qc 6d 6c,0,nan,nan,nan,nan,nan,nan,nan,nan
Qc 6d 2c,0,nan,nan,nan,nan,nan,nan,nan,nan
Qc 6d 3c,0,nan,nan,nan,nan,nan,nan,nan,nan
Qc 6d 4c,0,nan,nan,nan,nan,nan,nan,nan,nan
Qc 6d 5c,0,nan,nan,nan,nan,nan,nan,nan,nan
Qc 7c 2c,0,nan,nan,nan,nan,nan,nan,nan,nan
Qc 7c 2d,0.00001,19.28,-39.877,-114.885,80.72,1101.44,125.191,21.36,78.64
Qc 7c 3c,0,nan,nan,nan,nan,nan,nan,nan,nan
Qc 7c 3d,0,20.44,-38.2015,-103.809,79.55,1098.76,126.71,22.46,77.54
Qc 7c 4c,0,nan,nan,nan,nan,nan,nan,nan,nan
Qc 7c 4d,0,nan,nan,nan,nan,nan,nan,nan,nan
Qc 7c 5c,0,nan,nan,nan,nan,nan,nan,nan,nan
Qc 7c 5d,0,nan,nan,nan,nan,nan,nan,nan,nan
Qc 7c 6c,0,nan,nan,nan,nan,nan,nan,nan,nan
Qc 7c 6d,0,nan,nan,nan,nan,nan,nan,nan,nan
Qc 7d 7c,0,nan,nan,nan,nan,nan,nan,nan,nan
Qc 7d 2c,0,nan,nan,nan,nan,nan,nan,nan,nan
Qc 7d 3c,0.00002,19.03,-40.3256,-117.707,80.97,1102.79,124.955,20.37,79.63
Qc 7d 4c,0.00005,19.96,-37.5822,-104.609,80.04,1099.87,126.068,20.56,79.44
Qc 7d 5c,0,nan,nan,nan,nan,nan,nan,nan,nan
Qc 7d 6c,0,nan,nan,nan,nan,nan,nan,nan,nan
Qc 8c 2c,0,nan,nan,nan,nan,nan,nan,nan,nan
Qc 8c 2d,0.00002,21.83,-43.6206,-110.998,78.17,1103.17,129.476,23.57,76.43
Qc 8c 3c,0,nan,nan,nan,nan,nan,nan,nan,nan
Qc 8c 3d,0.00003,21.77,-44.3093,-113.069,78.23,1104.23,129.499,23.16,76.84
Qc 8c 4c,0,nan,nan,nan,nan,nan,nan,nan,nan
Qc 8c 4d,0,nan,nan,nan,nan,nan,nan,nan,nan
Qc 8c 5c,0,nan,nan,nan,nan,nan,nan,nan,nan
Qc 8c 5d,0,nan,nan,nan,nan,nan,nan,nan,nan
Qc 8c 6c,0,nan,nan,nan,nan,nan,nan,nan,nan
Qc 8c 6d,0,nan,nan,nan,nan,nan,nan,nan,nan
Qc 8c 7c,0,nan,nan,nan,nan,nan,nan,nan,nan
Qc 8c 7d,0,nan,nan,nan,nan,nan,nan,nan,nan
Qc 8d 8c,0,nan,nan,nan,nan,nan,nan,nan,nan
Qc 8d 2c,0.00002,20.61,-43.8471,-118.198,79.39,1105.48,127.747,21.28,78.72
Qc 8d 3c,0,nan,nan,nan,nan,nan,nan,nan,nan
Qc 8d 4c,0,nan,nan,nan,nan,nan,nan,nan,nan
Qc 8d 5c,0,nan,nan,nan,nan,nan,nan,nan,nan
Qc 8d 6c,0,nan,nan,nan,nan,nan,nan,nan,nan
Qc 8d 7c,0,nan,nan,nan,nan,nan,nan,nan,nan
Qc 9c 2c,0,nan,nan,nan,nan,nan,nan,nan,nan
Qc 9c 2d,0,nan,nan,nan,nan,nan,nan,nan,nan
Qc 9c 3c,0,nan,nan,nan,nan,nan,nan,nan,nan
Qc 9c 3d,0,nan,nan,nan,nan,nan,nan,nan,nan
Qc 9c 4c,0,nan,nan,nan,nan,nan,nan,nan,nan
Qc 9c 4d,0.00002,38.31,38.3669,55.6423,61.69,1022.06,151.989,22.61,77.39
Qc 9c 5c,0,nan,nan,nan,nan,nan,nan,nan,nan
Qc 9c 5d,0,nan,nan,nan,nan,nan,nan,nan,nan
Qc 9c 6c,0,nan,nan,nan,nan,nan,nan,nan,nan
Qc 9c 6d,0.00005,42.09,39.3878,51.9853,57.91,1021.06,161.765,22.59,77.41
Qc 9c 7c,0,nan,nan,nan,nan,nan,nan,nan,nan
Qc 9c 7d,0,nan,nan,nan,nan,nan,nan,nan,nan
Qc 9c 8c,0,nan,nan,nan,nan,nan,nan,nan,nan
Qc 9c 8d,0,nan,nan,nan,nan,nan,nan,nan,nan
Qc 9d 9c,0,nan,nan,nan,nan,nan,nan,nan,nan
Qc 9d 2c,0,nan,nan,nan,nan,nan,nan,nan,nan
Qc 9d 3c,0,nan,nan,nan,nan,nan,nan,nan,nan
Qc 9d 4c,0,nan,nan,nan,nan,nan,nan,nan,nan
Qc 9d 5c,0,nan,nan,nan,nan,nan,nan,nan,nan
Qc 9d 6c,0,51.16,58.2476,63.2478,48.84,1002.93,188.409,21.78,78.22
Qc 9d 7c,0,nan,nan,nan,nan,nan,nan,nan,nan
Qc 9d 8c,0,nan,nan,nan,nan,nan,nan,nan,nan
Qc Jc 2c,0,nan,nan,nan,nan,nan,nan,nan,nan
Qc Jc 2d,0,nan,nan,nan,nan,nan,nan,nan,nan
Qc Jc 3c,0,nan,nan,nan,nan,nan,nan,nan,nan
Qc Jc 3d,0,nan,nan,nan,nan,nan,nan,nan,nan
Qc Jc 4c,0,nan,nan,nan,nan,nan,nan,nan,nan
Qc Jc 4d,0,nan,nan,nan,nan,nan,nan,nan,nan
Qc Jc 5c,0,nan,nan,nan,nan,nan,nan,nan,nan
Qc Jc 5d,0,nan,nan,nan,nan,nan,nan,nan,nan
Qc Jc 6c,0,nan,nan,nan,nan,nan,nan,nan,nan
Qc Jc 6d,0,nan,nan,nan,nan,nan,nan,nan,nan
Qc Jc 7c,0,nan,nan,nan,nan,nan,nan,nan,nan
Qc Jc 7d,0,nan,nan,nan,nan,nan,nan,nan,nan
Qc Jc 8c,0,7.94,-117.612,-822.53,92.05,1177.09,117.31,23.66,76.34
Qc Jc 8d,0,nan,nan,nan,nan,nan,nan,nan,nan
Qc Jc 9c,0,nan,nan,nan,nan,nan,nan,nan,nan
Qc Jc 9d,0,nan,nan,nan,nan,nan,nan,nan,nan
Qc Jd Jc,0,37.85,34.9878,51.3609,62.15,1033.47,152.546,13.78,86.22
Qc Jc Tc,0,nan,nan,nan,nan,nan,nan,nan,nan
Qc Jc Td,0,nan,nan,nan,nan,nan,nan,nan,nan
Qc Jd 2c,0,nan,nan,nan,nan,nan,nan,nan,nan
Qc Jd 3c,0,nan,nan,nan,nan,nan,nan,nan,nan
Qc Jd 4c,0,nan,nan,nan,nan,nan,nan,nan,nan
Qc Jd 5c,0,nan,nan,nan,nan,nan,nan,nan,nan
Qc Jd 6c,0,nan,nan,nan,nan,nan,nan,nan,nan
Qc Jd 7c,0,nan,nan,nan,nan,nan,nan,nan,nan
Qc Jd 8c,0,nan,nan,nan,nan,nan,nan,nan,nan
Qc Jd 9c,0,nan,nan,nan,nan,nan,nan,nan,nan
Qc Jd Tc,0,nan,nan,nan,nan,nan,nan,nan,nan
Qd Qc 2c,0,nan,nan,nan,nan,nan,nan,nan,nan
Qd Qc 3c,0,nan,nan,nan,nan,nan,nan,nan,nan
Qd Qc 4c,0,12.77,-69.0973,-300.622,87.23,1130.73,118.923,21.28,78.72
Qd Qc 5c,0,13.04,-72.2925,-307.923,86.96,1133.59,119.598,21.65,78.35
Qd Qc 6c,0,13.78,-63.4248,-255.702,86.22,1124.89,119.694,21.46,78.54
Qd Qc 7c,0,nan,nan,nan,nan,nan,nan,nan,nan
Qd Qc 8c,0,nan,nan,nan,nan,nan,nan,nan,nan
Qd Qc 9c,0,nan,nan,nan,nan,nan,nan,nan,nan
Qd Qc Jc,0,42.57,87.4714,114.142,57.43,978.937,156.395,16.04,83.96
Qh Qd Qc,0,42.88,140.546,182.091,57.12,919.998,147.765,22.48,77.52
Qd Qc Tc,0,28.86,0.33825,0.65118,71.14,1063.55,137.153,18.80,81.20
Qc Tc 2c,0,nan,nan,nan,nan,nan,nan,nan,nan
Qc Tc 2d,0.00002,38.93,40.8747,58.3334,61.07,1017.78,152.893,24.55,75.45
Qc Tc 3c,0,nan,nan,nan,nan,nan,nan,nan,nan
Qc Tc 3d,0,nan,nan,nan,nan,nan,nan,nan,nan
Qc Tc 4c,0,nan,nan,nan,nan,nan,nan,nan,nan
Qc Tc 4d,0.00001,37.90,39.2972,57.5965,62.10,1021.08,150.86,22.66,77.34
Qc Tc 5c,0,nan,nan,nan,nan,nan,nan,nan,nan
Qc Tc 5d,0,nan,nan,nan,nan,nan,nan,nan,nan
Qc Tc 6c,0,nan,nan,nan,nan,nan,nan,nan,nan
Qc Tc 6d,0.00003,38.32,37.1425,53.8417,61.68,1023.53,152.25,22.34,77.66
Qc Tc 7c,0,nan,nan,nan,nan,nan,nan,nan,nan
Qc Tc 7d,0,nan,nan,nan,nan,nan,nan,nan,nan
Qc Tc 8c,0,nan,nan,nan,nan,nan,nan,nan,nan
Qc Tc 8d,0.00001,53.55,64.0863,66.4893,46.45,994.598,196.434,24.52,75.48
Qc Tc 9c,0,nan,nan,nan,nan,nan,nan,nan,nan
Qc Tc 9d,0,nan,nan,nan,nan,nan,nan,nan,nan
Qc Td Tc,0,24.57,19.8418,44.8578,75.43,1048.83,127.571,13.55,86.45
Qc Td 2c,0,nan,nan,nan,nan,nan,nan,nan,nan
Qc Td 3c,0,nan,nan,nan,nan,nan,nan,nan,nan
Qc Td 4c,0,27.15,-18.7082,-38.2828,72.85,1087.75,136.984,13.14,86.86
Qc Td 5c,0,nan,nan,nan,nan,nan,nan,nan,nan
Qc Td 6c,0,nan,nan,nan,nan,nan,nan,nan,nan
Qc Td 7c,0,nan,nan,nan,nan,nan,nan,nan,nan
Qc Td 8c,0,nan,nan,nan,nan,nan,nan,nan,nan
Qc Td 9c,0,nan,nan,nan,nan,nan,nan,nan,nan
Qd 3c 2c,0.00001,13.55,-133.559,-547.408,86.45,1190.9,126.388,25.99,74.01
Qd 4c 2c,0,nan,nan,nan,nan,nan,nan,nan,nan
Qd 4c 3c,0.00001,26.70,-16.0596,-33.4218,73.30,1073.65,134.371,25.73,74.27
Qd 5c 2c,0,nan,nan,nan,nan,nan,nan,nan,nan
Qd 5c 3c,0,nan,nan,nan,nan,nan,nan,nan,nan
Qd 5c 4c,0,nan,nan,nan,nan,nan,nan,nan,nan
Qd 6c 2c,0.00001,19.16,-44.2974,-128.476,80.85,1104.84,125.377,22.48,77.52
Qd 6c 3c,0,nan,nan,nan,nan,nan,nan,nan,nan
Qd 6c 4c,0,nan,nan,nan,nan,nan,nan,nan,nan
Qd 6c 5c,0.00001,27.64,-1.65525,-3.32698,72.36,1059.78,134.368,25.14,74.86
Qd 7c 2c,0,nan,nan,nan,nan,nan,nan,nan,nan
Qd 7c 3c,0.00001,20.12,-36.497,-100.788,79.88,1097.56,126.053,21.91,78.09
Qd 7c 4c,0,nan,nan,nan,nan,nan,nan,nan,nan
Qd 7c 5c,0,22.15,-25.7504,-64.5842,77.85,1086.35,128.024,22.42,77.58
Qd 7c 6c,0.00003,24.70,-16.4348,-36.9711,75.30,1077.4,131.261,22.01,77.99
Qd 8c 2c,0,nan,nan,nan,nan,nan,nan,nan,nan
Qd 8c 3c,0,nan,nan,nan,nan,nan,nan,nan,nan
Qd 8c 4c,0.00001,22.35,-39.5541,-98.3026,77.65,1099.27,129.884,23.39,76.61
Qd 8c 5c,0.00003,23.49,-33.23,-78.5846,76.51,1092.49,131.004,23.89,76.11
Qd 8c 6c,0.00006,25.30,-16.9406,-37.1979,74.70,1077.34,132.315,22.64,77.36
Qd 8c 7c,0.00002,25.58,-12.4843,-27.1179,74.42,1073.29,132.306,22.19,77.81
Qd 9c 2c,0,nan,nan,nan,nan,nan,nan,nan,nan
Qd 9c 3c,0,nan,nan,nan,nan,nan,nan,nan,nan
Qd 9c 4c,0,nan,nan,nan,nan,nan,nan,nan,nan
Qd 9c 5c,0,nan,nan,nan,nan,nan,nan,nan,nan
Qd 9c 6c,0,nan,nan,nan,nan,nan,nan,nan,nan
Qd 9c 7c,0,nan,nan,nan,nan,nan,nan,nan,nan
Qd 9c 8c,0,nan,nan,nan,nan,nan,nan,nan,nan
Qd Jc 2c,0,nan,nan,nan,nan,nan,nan,nan,nan
Qd Jc 3c,0,nan,nan,nan,nan,nan,nan,nan,nan
Qd Jc 4c,0,nan,nan,nan,nan,nan,nan,nan,nan
Qd Jc 5c,0,nan,nan,nan,nan,nan,nan,nan,nan
Qd Jc 6c,0,nan,nan,nan,nan,nan,nan,nan,nan
Qd Jc 7c,0,nan,nan,nan,nan,nan,nan,nan,nan
Qd Jc 8c,0,nan,nan,nan,nan,nan,nan,nan,nan
Qd Jc 9c,0,19.20,-45.0805,-130.47,80.80,1101.29,125.04,27.24,72.76
Qd Jc Tc,0,nan,nan,nan,nan,nan,nan,nan,nan
Qh Qd 2c,0,nan,nan,nan,nan,nan,nan,nan,nan
Qh Qd 3c,0,nan,nan,nan,nan,nan,nan,nan,nan
Qh Qd 4c,0,8.20,-103.606,-702.268,91.80,1164.06,116.328,22.58,77.42
Qh Qd 5c,0,nan,nan,nan,nan,nan,nan,nan,nan
Qh Qd 6c,0,nan,nan,nan,nan,nan,nan,nan,nan
Qh Qd 7c,0,nan,nan,nan,nan,nan,nan,nan,nan
Qh Qd 8c,0,nan,nan,nan,nan,nan,nan,nan,nan
Qh Qd 9c,0,40.72,96.9252,132.245,59.28,970.379,150.173,15.05,84.95
Qh Qd Jc,0,nan,nan,nan,nan,nan,nan,nan,nan
Qh Qd Tc,0,24.17,62.8244,144.407,75.83,1006.04,121.717,13.33,86.67
Qd Tc 2c,0,nan,nan,nan,nan,nan,nan,nan,nan
Qd Tc 3c,0,nan,nan,nan,nan,nan,nan,nan,nan
Qd Tc 4c,0,nan,nan,nan,nan,nan,nan,nan,nan
Qd Tc 5c,0,nan,nan,nan,nan,nan,nan,nan,nan
Qd Tc 6c,0,nan,nan,nan,nan,nan,nan,nan,nan
Qd Tc 7c,0,nan,nan,nan,nan,nan,nan,nan,nan
Qd Tc 8c,0,nan,nan,nan,nan,nan,nan,nan,nan
Qd Tc 9c,0,nan,nan,nan,nan,nan,nan,nan,nan
Qh 2d 2c,0,nan,nan,nan,nan,nan,nan,nan,nan
Qh 3d 3c,0,nan,nan,nan,nan,nan,nan,nan,nan
Qh 3d 2c,0.00003,8.71,-172.175,-1097.8,91.29,1229.25,123.538,26.30,73.70
Qh 4d 4c,0,nan,nan,nan,nan,nan,nan,nan,nan
Qh 4d 2c,0,nan,nan,nan,nan,nan,nan,nan,nan
Qh 4d 3c,0,nan,nan,nan,nan,nan,nan,nan,nan
Qh 5d 5c,0.00002,9.14,-91.4052,-555.555,90.86,1154.78,116.601,19.37,80.63
Qh 5d 2c,0.00001,9.48,-159.393,-934.447,90.53,1214.54,123.088,28.40,71.60
Qh 5d 3c,0,nan,nan,nan,nan,nan,nan,nan,nan
Qh 5d 4c,0,nan,nan,nan,nan,nan,nan,nan,nan
Qh 6d 6c,0,nan,nan,nan,nan,nan,nan,nan,nan
Qh 6d 2c,0,nan,nan,nan,nan,nan,nan,nan,nan
Qh 6d 3c,0,nan,nan,nan,nan,nan,nan,nan,nan
Qh 6d 4c,0,nan,nan,nan,nan,nan,nan,nan,nan
Qh 6d 5c,0,nan,nan,nan,nan,nan,nan,nan,nan
Qh 7d 7c,0,nan,nan,nan,nan,nan,nan,nan,nan
Qh 7d 2c,0.00001,13.54,-69.6665,-285.912,86.46,1129.65,119.863,23.09,76.91
Qh 7d 3c,0,nan,nan,nan,nan,nan,nan,nan,nan
Qh 7d 4c,0,nan,nan,nan,nan,nan,nan,nan,nan
Qh 7d 5c,0,nan,nan,nan,nan,nan,nan,nan,nan
Qh 7d 6c,0,nan,nan,nan,nan,nan,nan,nan,nan
Qh 8d 8c,0,nan,nan,nan,nan,nan,nan,nan,nan
Qh 8d 2c,0,nan,nan,nan,nan,nan,nan,nan,nan
Qh 8d 3c,0.00001,15.42,-72.5787,-261.455,84.58,1134.13,123.019,21.38,78.62
Qh 8d 4c,0,16.81,-67.1869,-222.051,83.19,1128.76,124.48,21.35,78.65
Qh 8d 5c,0,nan,nan,nan,nan,nan,nan,nan,nan
Qh 8d 6c,0,nan,nan,nan,nan,nan,nan,nan,nan
Qh 8d 7c,0,nan,nan,nan,nan,nan,nan,nan,nan
Qh 9d 9c,0,57.91,100.475,96.389,42.09,970.552,211.553,10.96,89.04
Qh 9d 2c,0,nan,nan,nan,nan,nan,nan,nan,nan
Qh 9d 3c,0,nan,nan,nan,nan,nan,nan,nan,nan
Qh 9d 4c,0,nan,nan,nan,nan,nan,nan,nan,nan
Qh 9d 5c,0,nan,nan,nan,nan,nan,nan,nan,nan
Qh 9d 6c,0,nan,nan,nan,nan,nan,nan,nan,nan
Qh 9d 7c,0.00001,22.61,-28.806,-70.7818,77.39,1092.63,129.527,18.87,81.13
Qh 9d 8c,0,nan,nan,nan,nan,nan,nan,nan,nan
Qh Jd Jc,0,25.86,111.524,239.619,74.14,951.009,117.675,20.29,79.71
Qh Jd 2c,0,nan,nan,nan,nan,nan,nan,nan,nan
Qh Jd 3c,0,nan,nan,nan,nan,nan,nan,nan,nan
Qh Jd 4c,0,34.98,11.0463,17.5452,65.02,1064.3,150.166,6.22,93.78
Qh Jd 5c,0,33.61,38.7719,64.0851,66.39,1033.95,142.883,9.10,90.90
Qh Jd 6c,0,31.23,0.054,0.09605,68.77,1080.58,144.165,0.40,99.60
Qh Jd 7c,0,nan,nan,nan,nan,nan,nan,nan,nan
Qh Jd 8c,0,nan,nan,nan,nan,nan,nan,nan,nan
Qh Jd 9c,0,nan,nan,nan,nan,nan,nan,nan,nan
Qh Jd Tc,0,22.11,45.7947,115.046,77.89,1021.32,120.303,15.26,84.74
Qh Td Tc,0,30.14,74.0692,136.513,69.86,996.347,130.851,11.63,88.37
Qh Td 2c,0.00001,38.36,50.9288,73.7559,61.64,1013.8,150.895,17.88,82.12
Qh Td 3c,0.00001,34.45,4.12612,6.65431,65.55,1073.83,150.288,3.34,96.66
Qh Td 4c,0,20.02,33.6574,93.3815,79.98,1031.09,118.278,17.86,82.14
Qh Td 5c,0,34.37,56.8433,91.8885,65.63,1008.32,140.944,17.41,82.59
Qh Td 6c,0,17.67,-7.59662,-23.8781,82.33,1074.3,119.72,15.71,84.29
Qh Td 7c,0,nan,nan,nan,nan,nan,nan,nan,nan
Qh Td 8c,0,15.45,-102.167,-367.326,84.55,1160.94,125.975,24.43,75.57
Qh Td 9c,0,nan,nan,nan,nan,nan,nan,nan,nan
Tc 2d 2c,0,nan,nan,nan,nan,nan,nan,nan,nan
Tc 3c 2c,0,nan,nan,nan,nan,nan,nan,nan,nan
Tc 3c 2d,0.00002,24.40,-52.14,-118.718,75.60,1107.76,134.43,27.89,72.11
Tc 3d 3c,0,nan,nan,nan,nan,nan,nan,nan,nan
Tc 3d 2c,0,21.70,-59.7413,-152.934,78.30,1116.33,130.803,26.82,73.18
Tc 4c 2c,0,nan,nan,nan,nan,nan,nan,nan,nan
Tc 4c 2d,0,nan,nan,nan,nan,nan,nan,nan,nan
Tc 4c 3c,0,nan,nan,nan,nan,nan,nan,nan,nan
Tc 4c 3d,0,nan,nan,nan,nan,nan,nan,nan,nan
Tc 4d 4c,0.00001,12.19,-97.0506,-442.462,87.81,1160.82,121.275,18.93,81.07
Tc 4d 2c,0.00001,21.23,-62.7945,-164.292,78.77,1119.47,130.39,26.73,73.27
Tc 4d 3c,0,nan,nan,nan,nan,nan,nan,nan,nan
Tc 5c 2c,0,nan,nan,nan,nan,nan,nan,nan,nan
Tc 5c 2d,0.00007,21.53,-60.8014,-156.924,78.47,1118.03,130.709,26.12,73.88
Tc 5c 3c,0,nan,nan,nan,nan,nan,nan,nan,nan
Tc 5c 3d,0,nan,nan,nan,nan,nan,nan,nan,nan
Tc 5c 4c,0,nan,nan,nan,nan,nan,nan,nan,nan
Tc 5c 4d,0,nan,nan,nan,nan,nan,nan,nan,nan
Tc 5d 5c,0,nan,nan,nan,nan,nan,nan,nan,nan
Tc 5d 2c,0.00001,21.07,-63.8021,-168.261,78.93,1120.99,130.291,26.16,73.84
Tc 5d 3c,0,nan,nan,nan,nan,nan,nan,nan,nan
Tc 5d 4c,0,nan,nan,nan,nan,nan,nan,nan,nan
Tc 6c 2c,0,nan,nan,nan,nan,nan,nan,nan,nan
Tc 6c 2d,0,nan,nan,nan,nan,nan,nan,nan,nan
Tc 6c 3c,0,nan,nan,nan,nan,nan,nan,nan,nan
Tc 6c 3d,0,nan,nan,nan,nan,nan,nan,nan,nan
Tc 6c 4c,0,nan,nan,nan,nan,nan,nan,nan,nan
Tc 6c 4d,0,nan,nan,nan,nan,nan,nan,nan,nan
Tc 6c 5c,0,nan,nan,nan,nan,nan,nan,nan,nan
Tc 6c 5d,0.00002,26.29,-8.78152,-18.5593,73.71,1068.03,132.927,23.91,76.09
Tc 6d 6c,0.00001,15.80,-64.4025,-226.395,84.20,1128.86,123.003,18.18,81.82
Tc 6d 2c,0,nan,nan,nan,nan,nan,nan,nan,nan
Tc 6d 3c,0,nan,nan,nan,nan,nan,nan,nan,nan
Tc 6d 4c,0,nan,nan,nan,nan,nan,nan,nan,nan
Tc 6d 5c,0,nan,nan,nan,nan,nan,nan,nan,nan
Tc 7c 2c,0,nan,nan,nan,nan,nan,nan,nan,nan
Tc 7c 2d,0.00006,24.29,-37.2076,-85.1152,75.71,1096.59,132.876,23.75,76.25
Tc 7c 3c,0,nan,nan,nan,nan,nan,nan,nan,nan
Tc 7c 3d,0,nan,nan,nan,nan,nan,nan,nan,nan
Tc 7c 4c,0,nan,nan,nan,nan,nan,nan,nan,nan
Tc 7c 4d,0.00014,36.21,23.0495,35.3636,63.79,1035.84,148.975,24.29,75.71
Tc 7c 5c,0,nan,nan,nan,nan,nan,nan,nan,nan
Tc 7c 5d,0,nan,nan,nan,nan,nan,nan,nan,nan
Tc 7c 6c,0,nan,nan,nan,nan,nan,nan,nan,nan
Tc 7c 6d,0,nan,nan,nan,nan,nan,nan,nan,nan
Tc 7d 7c,0,nan,nan,nan,nan,nan,nan,nan,nan
Tc 7d 2c,0,nan,nan,nan,nan,nan,nan,nan,nan
Tc 7d 3c,0,nan,nan,nan,nan,nan,nan,nan,nan
Tc 7d 4c,0,nan,nan,nan,nan,nan,nan,nan,nan
Tc 7d 5c,0,nan,nan,nan,nan,nan,nan,nan,nan
Tc 7d 6c,0,nan,nan,nan,nan,nan,nan,nan,nan
Tc 8c 2c,0,nan,nan,nan,nan,nan,nan,nan,nan
Tc 8c 2d,0,nan,nan,nan,nan,nan,nan,nan,nan
Tc 8c 3c,0,nan,nan,nan,nan,nan,nan,nan,nan
Tc 8c 3d,0,nan,nan,nan,nan,nan,nan,nan,nan
Tc 8c 4c,0,nan,nan,nan,nan,nan,nan,nan,nan
Tc 8c 4d,0,nan,nan,nan,nan,nan,nan,nan,nan
Tc 8c 5c,0,nan,nan,nan,nan,nan,nan,nan,nan
Tc 8c 5d,0,26.80,-26.0668,-54.0333,73.20,1085.21,136.012,24.02,75.98
Tc 8c 6c,0,nan,nan,nan,nan,nan,nan,nan,nan
Tc 8c 6d,0.00001,19.19,-76.3101,-220.887,80.81,1133.83,128.727,25.79,74.21
Tc 8c 7c,0,nan,nan,nan,nan,nan,nan,nan,nan
Tc 8c 7d,0,nan,nan,nan,nan,nan,nan,nan,nan
Tc 8d 8c,0,nan,nan,nan,nan,nan,nan,nan,nan
Tc 8d 2c,0,nan,nan,nan,nan,nan,nan,nan,nan
Tc 8d 3c,0,nan,nan,nan,nan,nan,nan,nan,nan
Tc 8d 4c,0,nan,nan,nan,nan,nan,nan,nan,nan
Tc 8d 5c,0,nan,nan,nan,nan,nan,nan,nan,nan
Tc 8d 6c,0,18.76,-86.8997,-257.289,81.24,1143.58,129.148,26.73,73.27
Tc 8d 7c,0,nan,nan,nan,nan,nan,nan,nan,nan
Tc 9c 2c,0,nan,nan,nan,nan,nan,nan,nan,nan
Tc 9c 2d,0,nan,nan,nan,nan,nan,nan,nan,nan
Tc 9c 3c,0,nan,nan,nan,nan,nan,nan,nan,nan
Tc 9c 3d,0.00007,37.44,26.4313,39.218,62.56,1031.65,151.293,25.19,74.81
Tc 9c 4c,0,nan,nan,nan,nan,nan,nan,nan,nan
Tc 9c 4d,0,nan,nan,nan,nan,nan,nan,nan,nan
Tc 9c 5c,0,nan,nan,nan,nan,nan,nan,nan,nan
Tc 9c 5d,0,nan,nan,nan,nan,nan,nan,nan,nan
Tc 9c 6c,0,nan,nan,nan,nan,nan,nan,nan,nan
Tc 9c 6d,0,nan,nan,nan,nan,nan,nan,nan,nan
Tc 9c 7c,0,nan,nan,nan,nan,nan,nan,nan,nan
Tc 9c 7d,0.00006,20.72,-48.6608,-130.494,79.28,1108.82,128.305,22.90,77.10
Tc 9c 8c,0,nan,nan,nan,nan,nan,nan,nan,nan
Tc 9c 8d,0,nan,nan,nan,nan,nan,nan,nan,nan
Tc 9d 9c,0,nan,nan,nan,nan,nan,nan,nan,nan
Tc 9d 2c,0,nan,nan,nan,nan,nan,nan,nan,nan
Tc 9d 3c,0,nan,nan,nan,nan,nan,nan,nan,nan
Tc 9d 4c,0,nan,nan,nan,nan,nan,nan,nan,nan
Tc 9d 5c,0,nan,nan,nan,nan,nan,nan,nan,nan
Tc 9d 6c,0,nan,nan,nan,nan,nan,nan,nan,nan
Tc 9d 7c,0.00001,20.81,-47.4644,-126.689,79.19,1107.6,128.325,22.93,77.07
Tc 9d 8c,0,nan,nan,nan,nan,nan,nan,nan,nan
Td Tc 2c,0,nan,nan,nan,nan,nan,nan,nan,nan
Td Tc 3c,0,nan,nan,nan,nan,nan,nan,nan,nan
Td Tc 4c,0,nan,nan,nan,nan,nan,nan,nan,nan
Td Tc 5c,0,nan,nan,nan,nan,nan,nan,nan,nan
Td Tc 6c,0,nan,nan,nan,nan,nan,nan,nan,nan
Td Tc 7c,0,nan,nan,nan,nan,nan,nan,nan,nan
Td Tc 8c,0,nan,nan,nan,nan,nan,nan,nan,nan
Td Tc 9c,0,19.42,-50.9074,-145.667,80.58,1114.75,126.913,18.85,81.15
Th Td Tc,0,56.05,371.94,368.661,43.95,661.556,138.094,52.20,47.80
Td 3c 2c,0.00001,13.16,-154.131,-650.533,86.84,1209.43,127.776,28.25,71.75
Td 4c 2c,0.00001,12.68,-158.777,-695.459,87.32,1213.55,127.505,28.81,71.19
Td 4c 3c,0,nan,nan,nan,nan,nan,nan,nan,nan
Td 5c 2c,0,nan,nan,nan,nan,nan,nan,nan,nan
Td 5c 3c,0,nan,nan,nan,nan,nan,nan,nan,nan
Td 5c 4c,0,nan,nan,nan,nan,nan,nan,nan,nan
Td 6c 2c,0.00003,21.90,-48.372,-122.692,78.10,1106.67,130.003,24.95,75.05
Td 6c 3c,0,nan,nan,nan,nan,nan,nan,nan,nan
Td 6c 4c,0,nan,nan,nan,nan,nan,nan,nan,nan
Td 6c 5c,0,nan,nan,nan,nan,nan,nan,nan,nan
Td 7c 2c,0,nan,nan,nan,nan,nan,nan,nan,nan
Td 7c 3c,0,nan,nan,nan,nan,nan,nan,nan,nan
Td 7c 4c,0,nan,nan,nan,nan,nan,nan,nan,nan
Td 7c 5c,0.00002,23.48,-30.4601,-72.074,76.52,1091.95,130.917,21.44,78.56
Td 7c 6c,0,nan,nan,nan,nan,nan,nan,nan,nan
Td 8c 2c,0,nan,nan,nan,nan,nan,nan,nan,nan
Td 8c 3c,0,nan,nan,nan,nan,nan,nan,nan,nan
Td 8c 4c,0,nan,nan,nan,nan,nan,nan,nan,nan
Td 8c 5c,0,nan,nan,nan,nan,nan,nan,nan,nan
Td 8c 6c,0.00001,18.68,-86.7509,-257.984,81.32,1143.39,128.996,26.77,73.23
Td 8c 7c,0,nan,nan,nan,nan,nan,nan,nan,nan
Td 9c 2c,0,nan,nan,nan,nan,nan,nan,nan,nan
Td 9c 3c,0,nan,nan,nan,nan,nan,nan,nan,nan
Td 9c 4c,0,nan,nan,nan,nan,nan,nan,nan,nan
Td 9c 5c,0,nan,nan,nan,nan,nan,nan,nan,nan
Td 9c 6c,0,43.82,26.2245,33.2473,56.18,1032.16,168.556,24.85,75.15
Td 9c 7c,0,19.80,-60.5184,-169.811,80.20,1118.33,127.928,25.48,74.52
Td 9c 8c,0,nan,nan,nan,nan,nan,nan,nan,nan
Th Td 2c,0,nan,nan,nan,nan,nan,nan,nan,nan
Th Td 3c,0,nan,nan,nan,nan,nan,nan,nan,nan
Th Td 4c,0,nan,nan,nan,nan,nan,nan,nan,nan
Th Td 5c,0,nan,nan,nan,nan,nan,nan,nan,nan
Th Td 6c,0,nan,nan,nan,nan,nan,nan,nan,nan
Th Td 7c,0,nan,nan,nan,nan,nan,nan,nan,nan
Th Td 8c,0,nan,nan,nan,nan,nan,nan,nan,nan
Th Td 9c,0,nan,nan,nan,nan,nan,nan,nan,nan
Th 2d 2c,0,nan,nan,nan,nan,nan,nan,nan,nan
Th 3d 3c,0,nan,nan,nan,nan,nan,nan,nan,nan
Th 3d 2c,0.00001,8.60,-192.35,-1242.28,91.40,1247.91,125.262,27.96,72.04
Th 4d 4c,0,nan,nan,nan,nan,nan,nan,nan,nan
Th 4d 2c,0,nan,nan,nan,nan,nan,nan,nan,nan
Th 4d 3c,0.00001,17.45,-82.5538,-262.864,82.55,1140.84,126.785,24.96,75.04
Th 5d 5c,0,nan,nan,nan,nan,nan,nan,nan,nan
Th 5d 2c,0,nan,nan,nan,nan,nan,nan,nan,nan
Th 5d 3c,0,nan,nan,nan,nan,nan,nan,nan,nan
Th 5d 4c,0,nan,nan,nan,nan,nan,nan,nan,nan
Th 6d 6c,0,nan,nan,nan,nan,nan,nan,nan,nan
Th 6d 2c,0,nan,nan,nan,nan,nan,nan,nan,nan
Th 6d 3c,0,nan,nan,nan,nan,nan,nan,nan,nan
Th 6d 4c,0,nan,nan,nan,nan,nan,nan,nan,nan
Th 6d 5c,0,nan,nan,nan,nan,nan,nan,nan,nan
Th 7d 7c,0.00002,14.63,-58.7128,-223.029,85.38,1124.29,120.814,16.94,83.06
Th 7d 2c,0,nan,nan,nan,nan,nan,nan,nan,nan
Th 7d 3c,0,nan,nan,nan,nan,nan,nan,nan,nan
Th 7d 4c,0,nan,nan,nan,nan,nan,nan,nan,nan
Th 7d 5c,0,nan,nan,nan,nan,nan,nan,nan,nan
Th 7d 6c,0,nan,nan,nan,nan,nan,nan,nan,nan
Th 8d 8c,0,nan,nan,nan,nan,nan,nan,nan,nan
Th 8d 2c,0,nan,nan,nan,nan,nan,nan,nan,nan
Th 8d 3c,0.00001,20.54,-58.7474,-158.908,79.46,1119.41,129.245,22.35,77.65
Th 8d 4c,0,nan,nan,nan,nan,nan,nan,nan,nan
Th 8d 5c,0,nan,nan,nan,nan,nan,nan,nan,nan
Th 8d 6c,0,nan,nan,nan,nan,nan,nan,nan,nan
Th 8d 7c,0,nan,nan,nan,nan,nan,nan,nan,nan
Th 9d 9c,0,nan,nan,nan,nan,nan,nan,nan,nan
Th 9d 2c,0,nan,nan,nan,nan,nan,nan,nan,nan
Th 9d 3c,0,nan,nan,nan,nan,nan,nan,nan,nan
Th 9d 4c,0,nan,nan,nan,nan,nan,nan,nan,nan
Th 9d 5c,0,nan,nan,nan,nan,nan,nan,nan,nan
Th 9d 6c,0,nan,nan,nan,nan,nan,nan,nan,nan
Th 9d 7c,0,nan,nan,nan,nan,nan,nan,nan,nan
Th 9d 8c,0,nan,nan,nan,nan,nan,nan,nan,nan
  ,0.00001,33.78,19.571,32.1869,66.22,1041.37,144.276,22.04,77.96
